"V1","V2","V3","V4","V5","V6","V7","V9","V10","V11","V12","V13","V14","V15","V16","V17","V18","V19","V20","V21","V22","V23","V24","V25","V26","V27","V28","V29","V30","V6_1","V6_2","V6_3","V6_4","filter_."
"Aruba                                               ","ABW","Muu alue/territorio",180,"Ei","Korkea",NA,105845,588.0277778,43.411,11.532,8.907,NA,45.67362612,2.18732,2.19987,2.19258000000001,NA,29007.693,NA,NA,NA,NA,78.372,73.488,76.01,NA,883.747,NA,0,0,0,1,"Not Selected"
"Afghanistan                                         ","AFG","Itsenäinen valtio",652860,"Kyllä","Matala","Kyllä",37172386,56.93776001,25.495,33.211,6.575,49.6,84.07765608,70.19479,44.52455,56.98028,11.05700016,556.3020024,4.058869839,0.9452268,11.77723598,59.12084823,65.656,62.701,64.13,0.1,8672.455,56.91080835,1,0,0,0,"Selected"
"Angola                                              ","AGO","Itsenäinen valtio",1246700,"Kyllä","Alempi keskitaso","Ei",30809762,24.71305206,65.514,41.281,8.432,53.5,96.17574044,NA,NA,NA,7.019000053,4095.812942,NA,2.421112813,2.79150295,43.13051888,63.252,57.677,60.379,1.9,34693.487,32.38850491,0,1,0,0,"Selected"
"Albania                                             ","ALB","Itsenäinen valtio",27400,"Ei","Ylempi keskitaso","Ei",2866376,104.6122628,60.319,11.934,7.714,8.4,45.81003739,2.23887999999999,1.48638,1.85885,12.34000015,4531.020806,3.611720085,1.108696386,5.01059723,94.17699827,80.148,76.601,78.333,0.1,4536.079,18.20060252,0,0,1,0,"Selected"
"Andorra                                             ","AND","Itsenäinen valtio",470,"Ei","Korkea","Kyllä",77006,163.8425532,88.062,NA,NA,3.1,NA,NA,NA,NA,NA,38962.88035,3.217089891,NA,6.54431868,107.2825494,NA,NA,NA,NA,469.376,10.30762139,0,0,0,1,"Selected"
"Arab World                                          ","ARB","Valtioiden muodostama alue",11232647.01,NA,NA,NA,419790591,37.37236563,58.92541889,25.64801495,5.413473179,27.09817908,61.16547352,32.77103,18.64526,25.4034,10.56334426,6102.211067,NA,6.467371777,5.561266144,99.50877289,73.49336627,69.9212501154086,71.62252635,0.119105465,1904104.418,58.68925861,NA,NA,NA,NA,"Not Selected"
"United Arab Emirates                                ","ARE","Itsenäinen valtio",71020,"Ei","Korkea","Ei",9630959,135.6091101,86.522,10.456,1.429,6.6,18.60779642,NA,NA,NA,2.229000092,40644.80404,NA,NA,4.14456415,208.5048332,79.008,76.966,77.647,NA,206323.755,40.91750982,0,0,0,1,"Selected"
"Argentina                                           ","ARG","Itsenäinen valtio",2736690,"Ei","Korkea","Ei",44494502,16.2585101,91.87,17.205,7.616,9.2,55.95447291,0.937960000000004,1.06225999999999,0.996129999999994,9.220000267,14591.86338,5.462230206,0.856137916,10.45704365,132.0931513,79.726,72.924,76.372,0.4,201347.636,13.31183395,0,0,0,1,"Selected"
"Armenia                                             ","ARM","Itsenäinen valtio",28470,"Ei","Ylempi keskitaso","Kyllä",2951776,103.6802248,63.149,14.298,9.862,11.6,46.81532686,NA,NA,NA,17.49600029,3914.501268,2.707590103,3.849730577,10.36270523,121.259018,78.165,71.115,74.797,0.2,5155.802,32.52811834,0,0,1,0,"Selected"
"American Samoa                                      ","ASM","Muu alue/territorio",200,NA,"Ylempi keskitaso",NA,55465,277.325,87.153,16.6,5.1,NA,NA,NA,NA,NA,NA,10823.4448,NA,NA,NA,NA,NA,NA,NA,NA,NA,12.47382024,0,0,1,0,"Not Selected"
"Antigua and Barbuda                                 ","ATG","Itsenäinen valtio",440,"Ei","Korkea","Ei",96286,218.8318182,24.599,15.53,6.316,6.2,44.67784589,NA,NA,NA,NA,15383.41519,NA,NA,5.17094231,NA,77.871,75.571,76.752,NA,557.384,18.62234285,0,0,0,1,"Selected"
"Australia                                           ","AUS","Itsenäinen valtio",7692020,"Ei","Korkea","Ei",24982688,3.24787091,86.012,12.6,6.5,3.1,53.48508824,NA,NA,NA,5.297999859,54066.47127,5.124249935,1.997973925,9.20544815,111.012255,84.6,80.4,82.5,0.1,375907.837,8.550324401,0,0,0,1,"Selected"
"Austria                                             ","AUT","Itsenäinen valtio",82522.99805,"Ei","Korkea","Kyllä",8840521,107.1279669,58.297,10,9.5,2.9,49.92394012,NA,NA,NA,4.84800005,47549.07904,5.358039856,0.756179042,10.38262367,123.5352681,84,79.3,81.64390244,NA,61447.919,12.47796673,0,0,0,1,"Selected"
"Azerbaijan                                          ","AZE","Itsenäinen valtio",82670,"Ei","Ylempi keskitaso","Kyllä",9939771,120.2343172,55.68,14.6,5.8,20.5,41.97437775,NA,NA,NA,4.900000095,4147.089716,2.473819971,3.821456058,3.73651457,103.9214187,75.215,70.128,72.693,0.1,37619.753,19.92866362,0,0,1,0,"Selected"
"Burundi                                             ","BDI","Itsenäinen valtio",25680,"Kyllä","Matala","Kyllä",11175378,435.178271,13.032,39.646,8.106,42.6,91.38251249,NA,NA,NA,1.447999954,292.9976307,4.762020111,1.870652158,7.51763725,56.53470747,62.675,59.092,60.898,1.2,495.045,38.89626795,1,0,0,0,"Selected"
"Belgium                                             ","BEL","Itsenäinen valtio",30280,"Ei","Korkea","Ei",11427054,377.3795905,98.001,10.5,9.6,2.9,55.87046567,NA,NA,NA,5.947999954,44288.50804,6.412280083,0.895316099,10.40608311,99.69668646,83.9,79,81.49268293,NA,96889.474,12.88651847,0,0,0,1,"Selected"
"Benin                                               ","BEN","Itsenäinen valtio",112760,"Kyllä","Matala","Ei",11485048,101.8539198,47.312,36.621,9.025,61.8,84.16643509,68.92835,46.02297,57.6376,2.385999918,1136.592847,3.535589933,1.264137517,2.6444838,82.38429039,62.687,59.633,61.174,1,6475.922,38.99995876,1,0,0,0,"Selected"
"Burkina Faso                                        ","BFA","Itsenäinen valtio",273600,"Kyllä","Matala","Kyllä",19751535,72.19128289,29.358,38.419,8.341,56.7,89.95179254,67.31238,49.92541,58.77555,6.093999863,738.2741589,5.603469849,1.529748115,6.91190195,97.91227142,61.43,59.981,60.768,0.8,3417.644,42.93559251,1,0,0,0,"Selected"
"Bangladesh                                          ","BGD","Itsenäinen valtio",130170,"Kyllä","Alempi keskitaso","Ei",161356039,1239.579312,36.632,18.501,5.533,28,48.9522985,28.81806,23.33074,26.0878,4.281000137,1563.913857,NA,1.242917818,2.27522182,100.2447125,73.978,70.409,72.052,NA,84245.658,60.84578458,0,1,0,0,"Selected"
"Bulgaria                                            ","BGR","Itsenäinen valtio",108560,"Ei","Ylempi keskitaso","Ei",7025037,64.71109985,75.008,9,15.5,6.2,55.32141636,NA,NA,NA,5.210999966,8331.058025,4.09250021,1.242051219,7.45326805,118.9396801,78.4,71.3,74.81463415,0.1,41708.458,19.14913234,0,0,1,0,"Selected"
"Bahrain                                             ","BHR","Itsenäinen valtio",778.0000305,"Ei","Korkea","Ei",1569439,2017.2737,89.287,14.365,2.368,6.2,27.68238859,5.05112,1.23683,2.53581,0.649999976,23709.43047,2.327810049,4.33877531,4.74813128,133.3409369,78.143,76.188,77.032,NA,31693.881,70.81620768,0,0,0,1,"Selected"
"Bahamas, The                                        ","BHS","Itsenäinen valtio",10010,"Ei","Korkea","Ei",385640,38.52547453,83.025,14.049,6.72,11.4,42.33357078,NA,NA,NA,10,31827.2427,NA,NA,6.83129883,100.7960854,75.718,71.3,73.554,NA,1785.829,17.36772049,0,0,0,1,"Selected"
"Bosnia and Herzegovina                              ","BIH","Itsenäinen valtio",51200,"Ei","Ylempi keskitaso","Ei",3323929,64.92048828,48.245,8.293,10.563,5.3,45.42609123,NA,NA,NA,18.39999962,5394.59122,NA,0.864182656,8.93159008,104.1256346,79.581,74.622,77.128,NA,21847.986,27.74766896,0,0,1,0,"Selected"
"Belarus                                             ","BLR","Itsenäinen valtio",202988.0078,"Ei","Ylempi keskitaso","Kyllä",9483499,46.71950379,78.595,10.8,12.6,2.7,46.43666372,0.274820000000005,0.206019999999995,0.243440000000007,4.760000229,5761.74712,4.794990063,1.156379967,5.75974846,122.925228,79.2,69.3,74.12926829,0.4,58279.631,18.76557991,0,0,1,0,"Selected"
"Belize                                              ","BLZ","Itsenäinen valtio",22810,"Ei","Ylempi keskitaso","Ei",383071,16.79399386,45.724,21.081,4.681,11.8,53.88456378,NA,NA,NA,6.512000084,4887.577208,7.509890079,1.232179757,5.70125389,64.29904639,77.453,71.533,74.365,NA,568.385,23.01189211,0,0,1,0,"Selected"
"Bermuda                                             ","BMU","Muu alue/territorio",54.00000095,NA,"Korkea",NA,63920,1183.703683,100,9.3,7.8,NA,NA,NA,NA,NA,NA,NA,1.500390053,NA,NA,NA,85.35,77.72,81.44195122,NA,612.389,11.64635919,0,0,0,1,"Not Selected"
"Bolivia                                             ","BOL","Itsenäinen valtio",1083300,"Ei","Alempi keskitaso","Kyllä",11353142,10.48014585,69.425,22.076,6.795,22.9,61.98396703,NA,NA,NA,3.53399992,3351.12404,NA,1.536277694,6.4901948,100.8164084,73.878,68.173,70.945,0.2,21605.964,21.5689866,0,1,0,0,"Selected"
"Brazil                                              ","BRA","Itsenäinen valtio",8358140,"Ei","Ylempi keskitaso","Ei",209469333,25.06171624,86.569,14.125,6.378,13.2,43.38337979,6.57492999999999,6.99096,6.77249999999999,12.33399963,9925.386238,6.32254982,1.419526638,9.46933746,98.8435013,79.156,71.804,75.456,0.5,462298.69,12.70662947,0,0,1,0,"Selected"
"Barbados                                            ","BRB","Itsenäinen valtio",430,"Ei","Korkea","Ei",286641,666.6069767,31.147,10.683,8.936,12.4,49.57888035,NA,NA,NA,9.385000229,17391.42587,4.366380215,NA,6.62216997,114.8914496,80.307,77.562,78.981,0.9,1276.116,23.0801758,0,0,0,1,"Selected"
"Brunei Darussalam                                   ","BRN","Itsenäinen valtio",5270,"Ei","Korkea","Ei",428962,81.39696395,77.629,15.376,4.345,9.2,38.69562828,3.69874,1.94638,2.78588999999999,8.862000465,28572.14678,NA,2.865123829,2.27036428,131.9342228,76.819,74.454,75.585,NA,7664.03,5.903065468,0,0,0,1,"Selected"
"Bhutan                                              ","BTN","Itsenäinen valtio",38143.99902,"Kyllä","Alempi keskitaso","Kyllä",754394,19.77752777,40.895,17.459,6.243,25.5,46.57249995,NA,NA,NA,2.302999973,3286.574703,7.225739956,NA,3.24491644,93.26155771,71.444,70.822,71.129,NA,1261.448,37.9265032,0,1,0,0,"Selected"
"Botswana                                            ","BWA","Itsenäinen valtio",566730,"Ei","Ylempi keskitaso","Kyllä",2254126,3.977424876,69.446,25.396,5.834,32.5,62.17130491,NA,NA,NA,17.35300064,7893.210108,NA,3.005700726,6.13456821,150.0055899,71.559,65.79,68.812,21.5,6340.243,23.09438618,0,0,1,0,"Selected"
"Central African Republic                            ","CAF","Itsenäinen valtio",622980,"Kyllä","Matala","Kyllä",4666377,7.490412212,41.364,35.66,12.671,85.5,89.10773164,74.24362,50.48541,62.60418,3.664000034,450.900245,NA,1.435967607,6.66541529,27.41449024,54.354,50.152,52.24,3.8,297.027,56.82849738,1,0,0,0,"Selected"
"Canada                                              ","CAN","Itsenäinen valtio",9093510,"Ei","Korkea","Ei",37057765,4.075188239,81.411,10.3,7.5,4.4,49.48187651,NA,NA,NA,5.830999851,45148.55271,NA,1.349529821,10.78964806,89.57894095,84.1,80.288,81.94878049,NA,544894.198,6.428383133,0,0,0,1,"Selected"
"Central Europe and the Baltics                      ","CEB","Valtioiden muodostama alue",1105054.001,NA,NA,NA,102537026,92.78915407,62.33378245,10.27528688,11.95731753,4.376365228,50.64613052,NA,NA,NA,4.312452102,14198.12986,4.09250021,1.524122528,6.578097469,124.3238404,80.71347096,73.3777083800028,76.94746535,NA,656858.709,17.63333403,NA,NA,NA,NA,"Not Selected"
"Switzerland                                         ","CHE","Itsenäinen valtio",39516.00098,"Ei","Korkea","Kyllä",8514329,215.4653505,73.797,10.3,7.9,3.7,50.4532596,NA,NA,NA,4.712999821,80449.99456,5.130189896,0.68061451,11.89515591,126.5434466,85.6,81.7,83.55121951,0.2,34477.134,10.3031001,0,0,0,1,"Selected"
"Channel Islands                                     ","CHI","Muu alue/territorio",197.9999924,NA,"Korkea",NA,170499,861.1060938,30.914,9.939,7.817,NA,48.11703486,NA,NA,NA,7.409999847,NA,NA,NA,NA,NA,84.677,80.769,82.766,NA,NA,NA,0,0,0,1,"Not Selected"
"Chile                                               ","CHL","Itsenäinen valtio",743532.0313,"Ei","Korkea","Ei",18729160,25.18944607,87.564,12.711,6.076,6.4,45.52588834,NA,NA,NA,7.232999802,14999.37009,5.41945982,1.93093993,9.06820488,134.4373213,82.333,77.333,79.909,0.5,85822.468,21.03629906,0,0,0,1,"Selected"
"China                                               ","CHN","Itsenäinen valtio",9388210,"Ei","Ylempi keskitaso","Ei",1392730000,148.3488333,59.152,12.43,7.11,7.9,40.44526875,4.84067,1.53346000000001,3.15911,4.276000023,8879.438149,NA,1.896029598,5.15119171,115.5258122,78.828,74.315,76.47,NA,9893037.952,52.66459583,0,0,1,0,"Selected"
"Cote d'Ivoire                                       ","CIV","Itsenäinen valtio",318000,"Ei","Alempi keskitaso","Ei",25069229,78.83405346,50.779,35.993,10.262,62.2,81.14602119,59.50063,46.34306,52.83465,3.210000038,2111.027076,3.80347991,1.252720094,4.45303488,134.8579514,58.32,55.864,57.017,2.6,9673.546,25.88626634,0,1,0,0,"Selected"
"Cameroon                                            ","CMR","Itsenäinen valtio",472710,"Ei","Alempi keskitaso","Ei",25216237,53.34398891,56.374,35.9,9.501,53.4,83.01763161,28.41373,17.37196,22.92896,3.357000113,1425.107818,3.154819965,1.173793483,3.4925251,73.19019901,59.795,57.235,58.511,3.4,8291.087,72.79309622,0,1,0,0,"Selected"
"Congo, Dem. Rep.                                    ","COD","Itsenäinen valtio",2267050,"Kyllä","Matala","Ei",84068091,37.08259236,44.46,41.732,9.691,69.8,96.78640987,NA,NA,NA,4.19299984,467.0742375,1.454949975,0.737512008,4.15728664,43.38221502,61.539,58.528,60.026,0.8,2020.517,44.9092636,1,0,0,0,"Selected"
"Congo, Rep.                                         ","COG","Itsenäinen valtio",341500,"Ei","Alempi keskitaso","Ei",5244363,15.35684627,66.916,33.378,6.828,36.6,80.00253304,25.38124,13.92349,19.70124,9.670000076,1767.894521,5.46505022,4.312130454,2.93953753,95.34053637,65.316,62.546,63.954,3.1,3281.965,46.63822028,0,1,0,0,"Selected"
"Colombia                                            ","COL","Itsenäinen valtio",1109500,"Ei","Ylempi keskitaso","Ei",49648685,44.74870212,80.778,15.098,5.503,12.6,46.10472428,4.68107999999999,5.14816999999999,4.90749,9.111000061,6377.851363,4.535510063,3.209062437,7.67864275,129.9086097,79.694,74.124,76.925,0.5,97813.558,16.52721022,0,0,1,0,"Selected"
"Comoros                                             ","COM","Itsenäinen valtio",1861.000061,"Kyllä","Matala","Ei",832322,447.2444775,28.965,32.365,7.298,51.2,74.05056806,47.04361,35.3558,41.18298,4.302000046,1323.81159,NA,NA,4.64801407,59.94110452,65.675,62.21,63.912,0.1,201.685,20.5468246,1,0,0,0,"Selected"
"Cabo Verde                                          ","CPV","Itsenäinen valtio",4030,"Ei","Alempi keskitaso","Ei",543767,134.9297767,65.732,19.919,5.682,14.5,50.12105936,NA,NA,NA,12.17000008,3292.645755,5.181749821,0.529982992,5.36013222,112.2407207,75.812,69.089,72.57,0.6,542.716,34.7787001,0,1,0,0,"Selected"
"Costa Rica                                          ","CRI","Itsenäinen valtio",51060,"Ei","Ylempi keskitaso","Ei",4999441,97.91306306,79.34,14.246,5.005,7.5,44.6646068,2.07557,2.19765,2.13621000000001,9.631999969,11814.62657,7.315720081,0,7.32879639,169.9306983,82.557,77.354,79.914,0.3,8023.396,15.7259203,0,0,1,0,"Selected"
"Caribbean small states                              ","CSS","Valtioiden muodostama alue",404850,NA,NA,NA,7358965,18.17701618,51.19936158,16.1047032,7.539148158,15.46825619,48.24314038,NA,NA,NA,8.372811787,9557.517493,5.260620117,NA,6.417206894,110.973817,75.77467453,71.3399815619282,73.51749249,1.231609209,61722.944,19.00983013,NA,NA,NA,NA,"Not Selected"
"Cuba                                                ","CUB","Itsenäinen valtio",104020,"Ei","Ylempi keskitaso","Ei",11338138,108.9995962,77.037,10.386,8.827,4,45.76718522,NA,NA,NA,1.700000048,8541.210673,NA,2.872403239,11.7113266,47.39153727,80.643,76.699,78.662,0.4,28283.571,19.7060474,0,0,1,0,"Selected"
"Curacao                                             ","CUW","Muu alue/territorio",NA,NA,"Korkea",NA,159800,NA,89.145,9.7,8.9,NA,55.20439778,NA,NA,NA,NA,19457.53152,NA,NA,NA,114.5239383,81.5,74.7,78.01707317,NA,5390.49,NA,0,0,0,1,"Not Selected"
"Cayman Islands                                      ","CYM","Muu alue/territorio",240,NA,"Korkea",NA,64174,267.3916667,100,9.902558821,3.422324329,NA,NA,NA,NA,NA,NA,81124.51348,NA,NA,NA,NA,NA,NA,NA,NA,546.383,NA,0,0,0,1,"Not Selected"
"Cyprus                                              ","CYP","Itsenäinen valtio",9240,"Ei","Korkea","Ei",1189265,128.7083333,66.81,10.668,6.952,2,43.89919863,NA,NA,NA,8.369999886,26338.69434,5.777190208,1.589445269,6.73828936,138.900486,82.794,78.547,80.672,NA,6626.269,17.2944062,0,0,0,1,"Selected"
"Czech Republic                                      ","CZE","Itsenäinen valtio",77220,"Ei","Korkea","Kyllä",10629928,137.6577053,73.792,10.8,10.5,2.5,53.86386184,NA,NA,NA,2.243000031,20379.89604,3.854020119,0.968686618,7.23133898,119.1135078,82,76.5,78.97804878,NA,102217.625,16.07124535,0,0,0,1,"Selected"
"Germany                                             ","DEU","Itsenäinen valtio",349360,"Ei","Korkea","Ei",82905782,237.3075967,77.312,9.5,11.3,3.3,54.04283612,NA,NA,NA,3.384000063,44349.58966,4.905119896,1.163609133,11.32229614,129.3242137,83.4,78.6,80.99268293,NA,727972.84,12.02876736,0,0,0,1,"Selected"
"Djibouti                                            ","DJI","Itsenäinen valtio",23180,"Kyllä","Alempi keskitaso","Ei",958920,41.36842105,77.777,21.944,7.293,51.3,51.74897771,NA,NA,NA,10.25699997,2914.383856,3.748559952,NA,2.46476316,41.19590415,68.023,64,65.893,1,619.723,45.5496176,0,1,0,0,"Selected"
"Dominica                                            ","DMA","Itsenäinen valtio",750,"Ei","Ylempi keskitaso","Ei",71625,95.5,70.483,NA,NA,29.4,NA,NA,NA,NA,NA,7274.721333,NA,NA,5.44028521,105.7884817,NA,NA,NA,NA,179.683,19.49315376,0,0,1,0,"Selected"
"Denmark                                             ","DNK","Itsenäinen valtio",41990,"Ei","Korkea","Ei",5793636,137.9765658,87.874,10.6,9.2,3.4,56.91495672,NA,NA,NA,4.974999905,57141.05984,7.816080093,1.146016112,10.03963375,125.4530064,83.1,79.2,81.10243902,NA,31785.556,10.02965344,0,0,0,1,"Selected"
"Dominican Republic                                  ","DOM","Itsenäinen valtio",48310,"Ei","Ylempi keskitaso","Ei",10627165,219.9785759,81.074,19.799,6.12,24.8,53.98817641,NA,NA,NA,5.738999844,7609.338799,NA,0.700998298,5.83058691,84.10208352,76.99,70.609,73.689,1,25258.296,13.72632115,0,0,1,0,"Selected"
"Algeria                                             ","DZA","Itsenäinen valtio",2381740,"Ei","Ylempi keskitaso","Ei",42228429,17.73007507,72.629,24.846,4.717,20.9,57.50803244,24.67703,12.57704,18.59216,11.88199997,4044.2766,NA,6.014253329,6.38032866,111.6647921,77.735,75.307,76.499,0.1,150005.969,38.8840107,0,0,1,0,"Selected"
"East Asia & Pacific (excluding high income)         ","EAP","Valtioiden muodostama alue",15913480,NA,NA,NA,2081639097,130.8097975,55.63331748,14.22487035,6.94257282,13.56013019,42.9964689,5.80916999999999,2.48553,4.13444,3.852769049,7173.398308,NA,1.780255862,4.911070426,120.2390411,77.5631021,72.6070251901888,74.9949516,NA,11421388.28,42.53946794,NA,NA,NA,NA,"Not Selected"
"Early-demographic dividend                          ","EAR","Valtioiden muodostama alue",33107752,NA,NA,NA,3248239448,98.11114473,45.1296007,20.48342107,6.630296276,29.81042142,53.57369301,26.39577,15.0404,20.64927,5.689869895,3548.288051,NA,2.458445323,5.199678497,97.04712298,72.1587091,68.4780791156251,70.25420448,NA,7422679.061,60.36865605,NA,NA,NA,NA,"Not Selected"
"East Asia & Pacific                                 ","EAS","Valtioiden muodostama alue",24396748.4,NA,NA,NA,2328138066,95.42821148,59.05187575,13.58542385,7.114262378,12.9,44.25032618,6.06037000000001,2.74515,4.39239999999999,3.788435499,10467.70219,NA,1.677925642,6.574193493,122.1763448,78.50619169,73.404356632599,75.86595391,NA,13955922.02,39.75062298,NA,NA,NA,NA,"Not Selected"
"Europe & Central Asia (excluding high income)       ","ECA","Valtioiden muodostama alue",22381208.01,NA,NA,NA,397435105.5,17.75753594,67.6359306,14.42011159,9.828659942,11.21399454,49.48045824,1.48172,0.455730000000003,0.998900000000006,7.092560212,7863.679049,4.09250021,3.133571904,5.122937684,126.0608378,77.46388329,69.5077302487799,73.41270948,NA,2979371.494,24.93939864,NA,NA,NA,NA,"Not Selected"
"Europe & Central Asia                               ","ECS","Valtioiden muodostama alue",27429224.59,NA,NA,NA,917922618.5,33.46513189,72.21019233,11.8789782,10.01595626,7.6,52.50913022,2.11763000000001,1.16746000000001,1.66583,6.903874432,23597.42401,4.783239841,1.631373016,9.26200807,123.7852213,81.01859573,74.6485379608833,77.7854252,NA,6269012.208,18.08355548,NA,NA,NA,NA,"Not Selected"
"Ecuador                                             ","ECU","Itsenäinen valtio",248360,"Ei","Ylempi keskitaso","Ei",17084357,68.78868175,63.821,19.968,5.101,12.5,54.28737726,NA,NA,NA,3.529999971,6213.501276,NA,2.361263384,8.25742912,92.32327021,79.442,73.833,76.584,0.4,41154.741,14.88610066,0,0,1,0,"Selected"
"Egypt, Arab Rep.                                    ","EGY","Itsenäinen valtio",995450,"Ei","Alempi keskitaso","Ei",98423595,98.87346929,42.704,27.05,5.863,18.5,64.01105496,NA,NA,NA,11.59200001,2440.510173,NA,1.4220317,5.63305616,95.28659682,73.967,69.453,71.656,0.1,238560.352,86.99945205,0,1,0,0,"Selected"
"Euro area                                           ","EMU","Valtioiden muodostama alue",2678923.572,NA,NA,NA,341843156,127.6046691,76.99171285,9.480008473,10.11758241,3.190389074,55.52836001,NA,NA,NA,8.187862166,37095.12027,4.939249992,1.34336584,10.15828588,122.5633022,84.56465827,79.3690200436886,81.93221523,NA,2228500.891,12.52511274,NA,NA,NA,NA,"Not Selected"
"Eritrea                                             ","ERI","Itsenäinen valtio",101000,"Kyllä","Matala","Ei",NA,NA,NA,30.898,7.326,32.2,NA,31.05381,15.62676,23.42948,5.104000092,NA,NA,NA,3.76475835,NA,67.745,63.404,65.538,0.7,711.398,48.03019868,1,0,0,0,"Selected"
"Spain                                               ","ESP","Itsenäinen valtio",499563.9844,"Ei","Korkea","Ei",46797754,93.67719744,80.321,8.4,9.1,2.7,51.61969519,2.02622,1.07461000000001,1.5635,15.25500011,28170.43457,4.20773983,1.230679125,8.94249249,115.9942148,86.1,80.5,83.28292683,0.4,244002.18,9.697927863,0,0,0,1,"Selected"
"Estonia                                             ","EST","Itsenäinen valtio",43470,"Ei","Korkea","Ei",1321977,30.41124914,68.88,10.5,11.8,2.1,56.20961758,NA,NA,NA,5.366000175,20388.20955,4.973380089,2.014651509,6.59183788,145.4384241,82.6,73.3,78.09268293,NA,16589.508,6.732124015,0,0,0,1,"Selected"
"Ethiopia                                            ","ETH","Itsenäinen valtio",1e+06,"Kyllä","Matala","Kyllä",109224559,109.224559,20.763,32.775,6.691,39.5,79.4820265,NA,NA,NA,2.075000048,768.5223076,NA,0.666369217,3.50331593,NA,67.784,63.997,65.872,1,14869.685,38.97873776,1,0,0,0,"Selected"
"European Union                                      ","EUU","Valtioiden muodostama alue",3996763.572,NA,NA,NA,446777673,111.7848642,74.51495795,9.694553283,10.45887902,3.430180093,54.68831835,NA,NA,NA,7.26938483,33029.98795,4.725169897,1.344941187,9.879008816,122.7329387,83.74677768,78.37019224543,80.93065884,NA,2881620.536,13.46610166,NA,NA,NA,NA,"Not Selected"
"Fragile and conflict affected situations            ","FCS","Valtioiden muodostama alue",15546499.01,NA,NA,NA,780467640,47.11922029,44.50757243,34.12507294,9.040639775,58.44792868,81.38050391,43.79109,28.46542,36.24484,6.914434856,2030.056919,3.787309885,1.802878855,4.692825398,75.83766984,62.95866261,61.1711211559609,61.20474902,1.676914008,738491.9679,51.58591678,NA,NA,NA,NA,"Not Selected"
"Finland                                             ","FIN","Itsenäinen valtio",303910,"Ei","Korkea","Ei",5515525,18.14854727,85.382,9.1,9.8,2,60.94239949,NA,NA,NA,7.361000061,46316.74546,6.376210213,1.365678507,9.14156628,129.4685668,84.5,78.6,81.63170732,NA,45870.503,5.861331001,0,0,0,1,"Selected"
"Fiji                                                ","FJI","Itsenäinen valtio",18270,"Ei","Ylempi keskitaso","Ei",883483,48.35703339,56.248,21.56,8.18,21.3,53.75698098,NA,NA,NA,4.157999992,6101.030843,NA,1.543137043,3.18689561,NA,69.043,65.594,67.252,0.2,2046.186,10.8401599,0,0,1,0,"Selected"
"France                                              ","FRA","Itsenäinen valtio",547556.9922,"Ei","Korkea","Ei",66965912,122.2994372,80.444,11.5,9.1,3.6,61.26714345,NA,NA,NA,9.059000015,38812.16103,5.451600075,1.910454133,11.39050198,108.357357,85.7,79.5,82.57560976,0.3,NA,11.81496362,0,0,0,1,"Selected"
"Faroe Islands                                       ","FRO","Muu alue/territorio",1396.000061,NA,"Korkea",NA,48497,34.73996983,42.064,13.1,8.9,NA,NA,NA,NA,NA,NA,58622.84082,NA,NA,NA,117.1041508,84.5,80.4,82.29756098,NA,630.724,NA,0,0,0,1,"Not Selected"
"Micronesia, Fed. Sts.                               ","FSM","Itsenäinen valtio",700,"Ei","Alempi keskitaso","Ei",112640,160.9142857,22.703,22.937,6.534,26.2,55.53070157,NA,NA,NA,NA,3289.701146,NA,NA,12.31883812,NA,69.308,65.986,67.618,NA,143.013,11.28339944,0,1,0,0,"Selected"
"Gabon                                               ","GAB","Itsenäinen valtio",257670,"Ei","Ylempi keskitaso","Ei",2119275,8.224764233,89.37,32.161,6.998,33.4,68.3212,16.57603,14.14765,15.33284,19.80699921,7230.396393,NA,1.810489469,2.78074527,138.2809687,67.883,63.879,65.839,3.7,5320.817,44.38554846,0,0,1,0,"Selected"
"United Kingdom                                      ","GBR","Itsenäinen valtio",241930,"Ei","Korkea","Ei",66460344,274.7089819,83.398,11.4,9.2,3.8,56.43074619,NA,NA,NA,3.996000051,40361.41738,5.442090034,1.766636791,9.82511234,118.3651292,83.1,79.4,81.25609756,NA,379024.787,10.47269039,0,0,0,1,"Selected"
"Georgia                                             ","GEO","Itsenäinen valtio",69490,"Ei","Alempi keskitaso","Ei",3726549,65.19733021,58.632,13.718,12.918,8.9,53.047312,NA,NA,NA,13.78499985,4357.000936,3.574429989,2.062535683,7.05804443,136.380667,77.816,68.98,73.414,0.3,10128.254,22.19605462,0,1,0,0,"Selected"
"Ghana                                               ","GHA","Itsenäinen valtio",227540,"Ei","Alempi keskitaso","Ei",29767108,130.8214292,56.06,29.839,7.414,36.1,68.53447275,25.52561,16.47542,20.96036,4.157000065,2025.932424,3.617980003,0.401629021,3.32977843,137.5171658,64.503,62.437,63.463,1.8,16670.182,34.7135141,0,1,0,0,"Selected"
"Gibraltar                                           ","GIB","Muu alue/territorio",10,NA,"Korkea",NA,33718,3371.8,100,NA,NA,NA,NA,NA,NA,NA,NA,NA,NA,NA,NA,121.7302331,NA,NA,NA,NA,634.391,NA,0,0,0,1,"Not Selected"
"Guinea                                              ","GIN","Itsenäinen valtio",245720,"Kyllä","Matala","Ei",12414318,50.52221227,36.14,36.765,8.715,66.3,87.88586446,NA,NA,NA,4.247000217,856.5652698,2.31765008,2.468083931,4.27482462,96.76749212,61.153,60.04,60.706,1.5,2995.939,26.0624902,1,0,0,0,"Selected"
"Gambia, The                                         ","GMB","Itsenäinen valtio",10120,"Kyllä","Matala","Ei",2280102,225.3065217,61.27,38.967,8.044,37.8,88.17768791,NA,NA,NA,9.027000427,676.6559246,NA,NA,3.34084225,139.5290282,62.84,60.088,61.44,1.9,531.715,33.98263855,1,0,0,0,"Selected"
"Guinea-Bissau                                       ","GNB","Itsenäinen valtio",28120,"Kyllä","Matala","Ei",1874309,66.65394737,43.36,35.697,9.805,55.6,82.35824082,NA,NA,NA,2.437999964,736.7255662,NA,1.424674883,6.84708118,78.9888828,59.62,55.597,57.673,3.5,293.36,29.77470228,1,0,0,0,"Selected"
"Equatorial Guinea                                   ","GNQ","Itsenäinen valtio",28050,"Ei","Ylempi keskitaso","Ei",1308974,46.66573975,72.143,33.725,9.542,64.1,65.49306281,NA,NA,NA,6.382999897,9667.912252,NA,1.100368826,3.01081419,45.16686721,59.259,57.059,58.061,7,5654.514,53.24062104,0,0,1,0,"Selected"
"Greece                                              ","GRC","Itsenäinen valtio",128900,"Ei","Korkea","Ei",10732882,83.26518231,79.058,8.2,11.6,3.7,55.58515986,2.60590000000001,1.49294999999999,2.06404999999999,19.29199982,18930.21859,NA,2.516346981,7.96522522,115.6669118,83.9,78.9,81.28780488,NA,62434.342,16.21826638,0,0,0,1,"Selected"
"Grenada                                             ","GRD","Itsenäinen valtio",340,"Ei","Ylempi keskitaso","Ei",111454,327.8058824,36.272,16.701,9.563,14.7,49.66295152,NA,NA,NA,NA,10152.83281,3.173799992,NA,4.59776449,104.2439033,74.949,70.07,72.388,NA,267.691,22.72268748,0,0,1,0,"Selected"
"Greenland                                           ","GRL","Muu alue/territorio",410450,NA,"Korkea",NA,56023,0.136491656,86.816,15.2,8.9,NA,NA,NA,NA,NA,NA,50321.36875,NA,NA,NA,110.55972,NA,NA,NA,NA,509.713,11.60217946,0,0,0,1,"Not Selected"
"Guatemala                                           ","GTM","Itsenäinen valtio",107160,"Ei","Ylempi keskitaso","Ei",16346950,152.5471258,51.054,24.912,4.762,22.1,64.60219353,NA,NA,NA,2.40199995,4451.45099,2.951819897,0.363718888,5.81384373,118.6670871,76.721,70.83,73.81,0.3,16776.525,24.07064893,0,0,1,0,"Selected"
"Guam                                                ","GUM","Muu alue/territorio",540,NA,"Korkea",NA,165768,306.9777778,94.78,16.71,5.166,NA,52.23855924,NA,NA,NA,4.928999901,35615.80463,NA,NA,NA,NA,83.146,76.39,79.631,NA,NA,11.63440681,0,0,0,1,"Not Selected"
"Guyana                                              ","GUY","Itsenäinen valtio",196850,"Ei","Ylempi keskitaso","Ei",779004,3.957348235,26.606,20.202,7.365,25.9,53.05679773,NA,NA,NA,11.90600014,4586.054572,6.230070114,1.64128697,5.65979004,NA,72.847,66.605,69.624,1.4,2383.55,22.37557463,0,0,1,0,"Selected"
"High income                                         ","HIC","Valtioiden muodostama alue",35377039.02,NA,NA,NA,1230515713,34.78289159,80.85994771,10.55026471,8.893758138,4.4,53.0242885,NA,NA,NA,5.074339469,41971.23735,4.939249992,2.330137566,12.48301691,127.6253795,83.28136748,78.1579474921533,80.58546545,NA,12669524.37,14.68160092,NA,NA,NA,NA,"Not Selected"
"Hong Kong SAR, China                                ","HKG","Muu alue/territorio",1050,NA,"Korkea",NA,7451000,7096.190476,100,7.7,6.3,NA,40.40201217,NA,NA,NA,2.903000116,46165.85651,3.310100079,NA,NA,269.9337198,87.6,81.9,84.6804878,NA,43644.634,NA,0,0,0,1,"Not Selected"
"Honduras                                            ","HND","Itsenäinen valtio",111890,"Ei","Alempi keskitaso","Ei",9587522,85.68703191,57.096,21.859,4.428,15.4,57.31061568,12.73444,12.86236,12.79476,5.647999763,2453.727896,NA,1.733577099,7.00069904,79.15031642,77.201,72.573,74.898,0.3,9812.892,20.62885065,0,1,0,0,"Selected"
"Heavily indebted poor countries (HIPC)              ","HPC","Valtioiden muodostama alue",17378791,NA,NA,NA,780234406,44.89578165,36.00846526,35.74145294,7.879690547,49.76651879,85.40853953,44.51867,30.01242,37.3734,4.42163363,929.4107113,3.787309885,1.362168995,5.175602166,73.26166395,64.48573396,61.0100777296068,62.7486826,2.490300087,204424.249,40.71806235,NA,NA,NA,NA,"Not Selected"
"Croatia                                             ","HRV","Itsenäinen valtio",55960,"Ei","Korkea","Ei",4087843,73.04937455,56.947,8.9,13,4.1,53.74531751,NA,NA,NA,8.43200016,13412.33829,3.917129993,1.67376307,6.77827311,105.5834549,80.9,74.9,77.82682927,0.1,17487.923,17.90177229,0,0,0,1,"Selected"
"Haiti                                               ","HTI","Itsenäinen valtio",27560,"Kyllä","Matala","Ei",11123176,403.5985486,55.278,24.75,8.638,50.7,61.79042719,NA,NA,NA,13.59200001,765.7272943,2.689450026,0.00088103,8.08468342,57.52891844,65.454,61.139,63.29,2,2977.604,15.01982438,1,0,0,0,"Selected"
"Hungary                                             ","HUN","Itsenäinen valtio",90530,"Ei","Korkea","Kyllä",9775564,107.9814868,71.351,9.7,13.5,3.6,50.53376728,NA,NA,NA,3.707999945,14457.60876,4.667099953,1.050167624,6.79227543,103.4451716,79.3,72.6,75.81707317,NA,45536.806,15.92604819,0,0,0,1,"Selected"
"IBRD only                                           ","IBD","Valtioiden muodostama alue",70965258.05,NA,NA,NA,4777244901,67.31807975,55.01505895,16.27296461,7.141211859,19.68060763,47.51439162,14.20992,7.71725000000001,10.94956,5.69908229,6091.709777,4.307660103,1.96079056,5.555242181,109.2291951,75.63892202,70.9307145965298,73.20007252,NA,20735704.23,52.02157462,NA,NA,NA,NA,"Not Selected"
"IDA & IBRD total                                    ","IBT","Valtioiden muodostama alue",93329453.05,NA,NA,NA,6410726416,68.68921017,50.42309727,20.1198122,7.309580549,32.22605819,54.58979931,19.94939,11.67372,15.80618,5.470060977,4885.474243,4.088590145,1.936512069,5.461895655,102.8482632,73.09039404,68.7700021887115,70.86400662,NA,21601125.13,51.17452077,NA,NA,NA,NA,"Not Selected"
"IDA total                                           ","IDA","Valtioiden muodostama alue",22364195,NA,NA,NA,1633481515,73.04003185,36.97875402,31.5275616,7.808874521,51.43211405,75.30661161,40.78219,26.38112,33.64547,4.671868284,1312.725888,4.031330109,1.555767257,4.114782634,81.99215856,65.61089022,62.3149926503673,63.93647608,1.884903189,860923.1861,48.65999304,NA,NA,NA,NA,"Not Selected"
"IDA blend                                           ","IDB","Valtioiden muodostama alue",4369370,NA,NA,NA,549115214,125.6737731,42.22835152,32.16562426,8.710913845,61.48493479,74.36402201,41.71404,24.30879,32.9538,5.358918837,1714.469866,5.324010134,1.803088314,3.65001175,81.30661486,63.06117993,60.8233048585344,61.88904078,1.494991874,465496.314,57.1610483,NA,NA,NA,NA,"Not Selected"
"Indonesia                                           ","IDN","Itsenäinen valtio",1811570,"Ei","Alempi keskitaso","Ei",267663435,147.7521901,55.325,18.422,6.433,21.7,47.94729712,6.00782,2.66866,4.34144000000001,4.511000156,3837.651731,NA,0.865256854,2.86824059,119.3387219,73.515,69.156,71.282,NA,563324.54,16.5026533,0,1,0,0,"Selected"
"IDA only                                            ","IDX","Valtioiden muodostama alue",17994825,NA,NA,NA,1084366301,60.259897,34.31598308,31.20452885,7.352197989,46.19335384,75.78469301,40.31351,27.46971,34.00096,4.368850354,1110.355797,3.80347991,1.328170625,4.527303887,82.38946233,66.88013692,63.0946720247442,64.97303361,2.124392296,393950.1567,44.34853393,NA,NA,NA,NA,"Not Selected"
"Isle of Man                                         ","IMN","Muu alue/territorio",570,NA,"Korkea",NA,84077,147.5035088,52.588,NA,NA,NA,NA,NA,NA,NA,NA,80989.17221,NA,NA,NA,NA,NA,NA,NA,NA,NA,NA,0,0,0,1,"Not Selected"
"India                                               ","IND","Itsenäinen valtio",2973190,"Ei","Alempi keskitaso","Ei",1352617328,454.9380726,34.03,18.083,7.21,31.4,49.77516695,34.20919,17.63329,25.62701,5.329999924,1981.65105,NA,2.509624558,3.53500652,86.94256319,70.425,68,69.165,NA,2407671.526,90.87321047,0,1,0,0,"Selected"
"Not classified                                      ","INX","Valtioiden muodostama alue",NA,NA,NA,NA,NA,NA,NA,NA,NA,NA,NA,NA,NA,NA,NA,NA,NA,NA,NA,NA,NA,NA,NA,NA,NA,NA,NA,NA,NA,NA,"Not Selected"
"Ireland                                             ","IRL","Itsenäinen valtio",68890,"Ei","Korkea","Ei",4867316,70.65344753,63.17,12.9,6.3,3,54.49315126,NA,NA,NA,5.739999771,69822.34718,3.506860018,0.307473976,7.15484905,103.1710486,84,80.2,82.15609756,0.2,37711.428,8.208576735,0,0,0,1,"Selected"
"Iran, Islamic Rep.                                  ","IRN","Itsenäinen valtio",1628760,"Ei","Ylempi keskitaso","Ei",81800269,50.22242012,74.898,19.011,4.835,12.9,44.21925804,NA,NA,NA,12.03999996,5520.310789,3.790400028,3.105184169,8.65966415,108.4623938,77.436,75.217,76.271,0.1,661710.15,38.97876028,0,0,1,0,"Selected"
"Iraq                                                ","IRQ","Itsenäinen valtio",434128.0078,"Ei","Ylempi keskitaso","Ei",38433600,88.53057004,70.473,29.693,4.826,23.2,71.55649885,NA,NA,NA,12.86200047,5205.288255,NA,3.862032019,4.12501717,95.04015497,72.318,68.277,70.294,NA,190060.61,61.63623571,0,0,1,0,"Selected"
"Iceland                                             ","ISL","Itsenäinen valtio",100250,"Ei","Korkea","Ei",352721,3.518413965,93.813,11.9,6.5,1.7,52.96921282,NA,NA,NA,2.703999996,71310.93925,7.658219814,0,8.3432579,122.1696222,84.3,80.4,82.66097561,NA,2064.521,6.481147263,0,0,0,1,"Selected"
"Israel                                              ","ISR","Itsenäinen valtio",21640,"Ei","Korkea","Ei",8882800,410.4805915,92.418,21.1,5.1,3.1,66.3955474,NA,NA,NA,3.997999907,40541.86209,6.092619896,5.528506379,7.49766827,127.6618693,84.6,80.7,82.55121951,NA,65166.257,21.38110224,0,0,0,1,"Selected"
"Italy                                               ","ITA","Itsenäinen valtio",294140,"Ei","Korkea","Ei",60421760,205.4183722,70.438,7.6,10.7,2.8,56.44750534,1.02808,0.646550000000005,0.844239999999999,10.60999966,32406.72032,4.044939995,1.364608768,8.6777401,137.466947,85.2,81,82.94634146,0.2,NA,16.75071194,0,0,0,1,"Selected"
"Jamaica                                             ","JAM","Itsenäinen valtio",10830,"Ei","Ylempi keskitaso","Ei",2934855,270.9930748,55.674,16.286,7.558,12.7,48.25083158,NA,NA,NA,9.104000092,5069.183838,5.260620117,0.972264314,6.14377928,101.0265271,75.878,72.708,74.267,1.4,8225.081,13.40415053,0,0,1,0,"Selected"
"Jordan                                              ","JOR","Itsenäinen valtio",88780,"Ei","Ylempi keskitaso","Ei",9956011,112.1424983,90.979,22.622,3.843,14.2,61.52996746,2.16792,1.38579,1.77289,14.95899963,4162.820687,3.284049988,4.841028687,8.11925125,87.62148885,76.052,72.628,74.292,NA,25107.949,33.00608118,0,0,1,0,"Selected"
"Japan                                               ","JPN","Itsenäinen valtio",364560,"Ei","Korkea","Ei",126529100,347.0734584,91.616,7.6,10.8,1.9,67.42908022,NA,NA,NA,2.400000095,38386.51115,3.182179928,0.93330611,10.79634285,141.4069924,87.26,81.09,84.0997561,NA,1135886.253,11.70477819,0,0,0,1,"Selected"
"Kazakhstan                                          ","KAZ","Itsenäinen valtio",2699700,"Ei","Ylempi keskitaso","Kyllä",18276498.5,6.769825721,57.428,21.64,7.15,9.3,55.89047057,0.261009999999999,0.170320000000004,0.218369999999993,4.824999809,9247.581331,2.750819921,0.870507374,3.12588406,142.2824428,76.92,68.72,72.95,0.3,247207.138,13.82428836,0,0,1,0,"Selected"
"Kenya                                               ","KEN","Itsenäinen valtio",569140,"Ei","Alempi keskitaso","Ei",51393010,90.29941666,27.03,29.296,5.582,33.9,72.77528872,21.81107,15.01117,18.46503,2.63499999,1572.335496,5.366680145,1.281029389,4.8369956,96.32021675,68.244,63.539,65.909,4.8,17909.628,28.57837427,0,1,0,0,"Selected"
"Kyrgyz Republic                                     ","KGZ","Itsenäinen valtio",191800,"Ei","Alempi keskitaso","Kyllä",6322800,32.96558916,36.351,24.8,5.4,18,58.34096097,0.500280000000004,0.322990000000004,0.414000000000001,5.960000038,1242.769643,6.026189804,1.604803258,6.18586302,138.5660601,75.4,67.2,71.2,0.2,9787.223,22.73776806,0,1,0,0,"Selected"
"Cambodia                                            ","KHM","Itsenäinen valtio",176520,"Kyllä","Alempi keskitaso","Ei",16249798,92.05641287,23.388,22.889,6.017,24.8,55.69071487,NA,NA,NA,0.65200001,1385.25998,NA,2.096461061,5.928473,119.4915172,71.318,67.062,69.289,0.6,9919.235,25.61429187,0,1,0,0,"Selected"
"Kiribati                                            ","KIR","Itsenäinen valtio",810,"Kyllä","Alempi keskitaso","Ei",115847,143.0209877,54.057,28.294,6.396,42.3,65.26905958,NA,NA,NA,NA,1640.500104,NA,NA,10.77510738,46.04176198,71.88,63.74,67.851,NA,66.006,10.64085586,0,1,0,0,"Selected"
"St. Kitts and Nevis                                 ","KNA","Itsenäinen valtio",260,"Ei","Korkea","Ei",52441,201.6961538,30.776,NA,NA,13.5,NA,NA,NA,NA,NA,19155.2894,NA,NA,5.69199848,NA,NA,NA,NA,NA,238.355,NA,0,0,0,1,"Selected"
"Korea, Rep.                                         ","KOR","Itsenäinen valtio",97489.00391,"Ei","Korkea","Ei",51606633,529.3585013,81.459,7,5.6,2.8,37.7256402,NA,NA,NA,3.84800005,31616.8434,NA,2.421489001,7.10694933,129.6727883,85.7,79.7,82.62682927,NA,620302.386,25.03942539,0,0,0,1,"Selected"
"Kuwait                                              ","KWT","Itsenäinen valtio",17820,"Ei","Korkea","Ei",4137312,232.1723906,100,14.651,2.601,7.1,31.73383938,5.09484,3.33354,3.94353,2.075999975,29759.43649,NA,5.634585046,5.29526615,171.6053322,76.364,74.584,75.311,NA,98733.975,60.74515954,0,0,0,1,"Selected"
"Latin America & Caribbean (excluding high income)   ","LAC","Valtioiden muodostama alue",19018930,NA,NA,NA,608113077,31.97409513,80.44510109,16.7897646,6.23784286,14.93773094,49.47062921,7.1698,6.18223,6.68834,8.008697299,8990.524504,4.522819996,1.21819797,8.162670258,103.0139576,78.29907451,71.8986601207101,75.08520392,0.514875651,1657513.336,16.68087259,NA,NA,NA,NA,"Not Selected"
"Lao PDR                                             ","LAO","Itsenäinen valtio",230800,"Kyllä","Alempi keskitaso","Kyllä",7061507,30.59578423,35.004,23.955,6.508,38.9,57.92566196,NA,NA,NA,0.640999973,2423.846203,NA,NA,2.52514863,51.86337704,69.074,65.508,67.277,0.3,17762.948,25.10953834,0,1,0,0,"Selected"
"Lebanon                                             ","LBN","Itsenäinen valtio",10230,"Ei","Ylempi keskitaso","Ei",6848925,669.4941349,88.593,17.67,4.263,6.6,49.47287809,6.69499,3.14534,4.93056,6.143000126,7801.178658,NA,4.505139801,8.44765568,64.49805872,80.786,77.031,78.833,0.1,24796.254,30.62111051,0,0,1,0,"Selected"
"Liberia                                             ","LBR","Itsenäinen valtio",96320,"Kyllä","Matala","Ei",4818977,50.03090739,51.151,33.426,7.729,64.3,79.7863446,NA,NA,NA,2.931999922,698.7017644,2.76128006,0.405984613,8.15604591,NA,64.68,61.911,63.295,1.6,1386.126,17.98411246,1,0,0,0,"Selected"
"Libya                                               ","LBY","Itsenäinen valtio",1759540,"Ei","Ylempi keskitaso","Ei",6678567,3.795632381,80.102,19.38,5.099,10.6,48.61330481,NA,NA,NA,18.46800041,5756.69845,NA,NA,NA,NA,75.619,69.672,72.52,0.2,50564.263,54.25468179,0,0,1,0,"Selected"
"St. Lucia                                           ","LCA","Itsenäinen valtio",610,"Ei","Ylempi keskitaso","Ei",181889,298.1786885,18.678,12.143,7.16,19.3,39.53893364,NA,NA,NA,20.87899971,11047.44499,NA,NA,4.7146244,101.6795958,77.283,74.581,75.907,NA,414.371,22.40081712,0,0,1,0,"Selected"
"Latin America & Caribbean                           ","LCN","Valtioiden muodostama alue",20038832.03,NA,NA,NA,640454810,31.96068558,80.62479183,16.6051182,6.26532205,14.7,49.43234976,6.55216,5.69148,6.13294,7.954340224,9432.971185,4.535510063,1.247645839,8.198819569,104.5325634,78.47516173,72.1109871470465,75.28213592,0.515297725,1836828.167,16.70843238,NA,NA,NA,NA,"Not Selected"
"Least developed countries: UN classification        ","LDC","Valtioiden muodostama alue",17762825,NA,NA,NA,1009662578,56.8413289,33.56806008,31.79174291,7.419932039,47.32907897,77.36223407,41.90213,28.20148,35.18307,4.355617159,1041.228276,3.909319997,1.544406659,4.211348823,76.60298865,66.58453546,62.8703090384497,64.70773022,2.238636105,329491.0024,45.27821984,NA,NA,NA,NA,"Not Selected"
"Low income                                          ","LIC","Valtioiden muodostama alue",12509460,NA,NA,NA,651327587,52.0668028,32.89441788,35.04406504,7.934634679,50.5,84.16567569,44.38139,28.8886,36.81603,4.881436116,779.6083179,3.449069977,1.466017225,5.927739741,60.76760484,65.04955419,61.4891894173017,63.13889301,1.97757313,168202.9737,42.85612091,NA,NA,NA,NA,"Not Selected"
"Liechtenstein                                       ","LIE","Itsenäinen valtio",160,"Ei","Korkea","Kyllä",37910,236.9375,14.338,8.9,6.6,NA,NA,NA,NA,NA,NA,173356.0513,NA,NA,NA,124.695331,86,80.6,83.74634146,NA,51.338,NA,0,0,0,1,"Selected"
"Sri Lanka                                           ","LKA","Itsenäinen valtio",62710,"Ei","Alempi keskitaso","Ei",21670000,345.558922,18.476,16.106,6.554,6.7,53.06955312,9.20440000000001,7.22707,8.29018000000001,4.118999958,4077.043721,2.799249887,2.135772047,3.80975389,142.6507235,79.979,73.238,76.648,0.1,23362.457,11.09961724,0,1,0,0,"Selected"
"Lower middle income                                 ","LMC","Valtioiden muodostama alue",21916545,NA,NA,NA,2872397765,131.0607016,39.21004895,22.44976015,7.325385917,38.9,57.66567031,29.0651,16.61052,22.75662,5.132227136,2034.893581,4.430510044,2.240280479,4.058130424,94.32613986,69.93637669,66.6628775648559,68.19326853,NA,4229048.424,67.80484524,NA,NA,NA,NA,"Not Selected"
"Low & middle income                                 ","LMY","Valtioiden muodostama alue",91966181.01,NA,NA,NA,6361417194,69.17126626,50.31928833,20.20876413,7.277581747,32.33744587,54.61626779,20.18049,11.78985,15.97734,5.462886915,4749.356416,4.073729992,1.948364476,5.415536526,102.3335807,72.99584749,68.71926037079,70.78783627,NA,21122439.33,51.49789895,NA,NA,NA,NA,"Not Selected"
"Lesotho                                             ","LSO","Itsenäinen valtio",30360,"Kyllä","Alempi keskitaso","Kyllä",2108132,69.43781291,28.153,27.17,14.656,71.7,60.30117701,NA,NA,NA,23.97100067,1150.079173,7.963319778,1.953055612,8.94750309,NA,56.194,49.837,52.947,23.8,2511.895,28.02865352,0,1,0,0,"Selected"
"Late-demographic dividend                           ","LTE","Valtioiden muodostama alue",44519022.03,NA,NA,NA,2287833784,51.39002788,62.45228866,13.06689805,7.372512265,9.369198863,42.44751501,5.15721000000001,2.54062,3.8485,5.059451446,9031.340769,4.535510063,2.051417523,5.717367916,122.2099281,78.8644387,73.348511356478,76.01415346,NA,14680565.35,40.00849475,NA,NA,NA,NA,"Not Selected"
"Lithuania                                           ","LTU","Itsenäinen valtio",62642.00195,"Ei","Korkea","Ei",2801543,44.72307577,67.679,10.1,14.2,3.6,52.87589335,NA,NA,NA,6.146999836,16882.63947,3.812829971,1.715538627,6.47619867,163.8703457,80.5,69.5,75.4804878,0.2,12962.845,11.85328236,0,0,0,1,"Selected"
"Luxembourg                                          ","LUX","Itsenäinen valtio",2430,"Ei","Korkea","Kyllä",607950,250.1851852,90.981,10.4,7.1,2.3,42.98357432,NA,NA,NA,5.585000038,107627.151,3.569590092,0.576459302,5.25779152,132.1649331,84.4,80.1,82.09512195,NA,8987.817,10.3646374,0,0,0,1,"Selected"
"Latvia                                              ","LVA","Itsenäinen valtio",62180,"Ei","Korkea","Ei",1927174,30.99347057,68.142,10.7,14.8,3.6,56.34617631,0.093599999999995,0.131630000000001,0.110690000000005,7.412000179,15586.58189,4.397119999,1.590645172,6.00696659,107.3489247,79.7,69.9,74.62926829,0.4,7003.97,13.42645752,0,0,0,1,"Selected"
"Macao SAR, China                                    ","MAC","Muu alue/territorio",30.39999962,NA,"Korkea",NA,631636,20777.50026,100,11.2,3.866,NA,31.81876996,NA,NA,NA,1.965999961,81516.67492,2.689889908,NA,NA,345.3245224,86.92,81.013,83.989,NA,2068.188,NA,0,0,0,1,"Not Selected"
"St. Martin (French part)                            ","MAF","Muu alue/territorio",NA,NA,"Korkea",NA,37264,NA,NA,14.9,4.3,NA,NA,NA,NA,NA,NA,NA,NA,NA,NA,NA,83,76.6,79.72195122,NA,NA,NA,0,0,0,1,"Not Selected"
"Morocco                                             ","MAR","Itsenäinen valtio",446300,"Ei","Alempi keskitaso","Ei",36029138,80.72851893,62.453,19.399,5.072,19.9,52.02023609,35.40862,16.69865,26.24999,9.078000069,3036.325255,NA,3.193071841,5.23623848,124.1715549,77.438,74.948,76.218,0.1,61275.57,32.59354146,0,1,0,0,"Selected"
"Monaco                                              ","MCO","Itsenäinen valtio",NA,"Ei","Korkea","Ei",38682,NA,100,NA,NA,2.7,NA,NA,NA,NA,NA,167517.0597,1.457929969,NA,1.64266789,84.50700584,NA,NA,NA,NA,NA,NA,0,0,0,1,"Selected"
"Moldova                                             ","MDA","Itsenäinen valtio",32890,"Ei","Alempi keskitaso","Kyllä",2706049,94.26443028,42.629,10.274,11.528,12.9,37.60772339,NA,NA,NA,2.977999926,3509.69345,5.618440151,0.323118819,7.01328516,89.75768174,75.993,67.439,71.717,0.7,5115.465,16.25103271,0,1,0,0,"Selected"
"Madagascar                                          ","MDG","Itsenäinen valtio",581800,"Kyllä","Matala","Ei",26262368,45.13985562,37.191,32.897,6.185,38.5,77.47762031,27.61591,22.72486,25.19568,1.68900001,515.2927249,NA,0.58002235,5.5050993,40.57034123,67.909,64.728,66.311,0.2,3905.355,22.54228288,1,0,0,0,"Selected"
"Maldives                                            ","MDV","Itsenäinen valtio",300,"Ei","Ylempi keskitaso","Ei",515696,1718.986667,39.808,14.891,2.883,7.6,31.3219386,NA,NA,NA,5.848999977,9540.634349,NA,NA,9.02997589,166.3642921,80.191,76.931,78.325,NA,1444.798,7.795820799,0,0,1,0,"Selected"
"Middle East & North Africa                          ","MEA","Valtioiden muodostama alue",11223466.01,NA,NA,NA,448912962,39.99771209,65.37198596,23.05698266,4.924036049,18.9,55.12839921,27.66391,14.9327,21.03721,10.1371864,7411.423129,NA,5.787235298,6.229540117,106.0204133,75.73199805,72.2456917208583,73.89990828,0.104846544,2608736.803,55.66932622,NA,NA,NA,NA,"Not Selected"
"Mexico                                              ","MEX","Itsenäinen valtio",1943950,"Ei","Ylempi keskitaso","Ei",126190788,64.91462641,80.156,17.918,5.933,13,51.0129948,5.39194999999999,3.7671,4.62009,3.282999992,9278.418168,4.522819996,0.439493736,5.51889515,95.2316028,77.827,72.046,74.947,NA,486405.548,20.92111579,0,0,1,0,"Selected"
"Marshall Islands                                    ","MHL","Itsenäinen valtio",180,"Ei","Ylempi keskitaso","Ei",58413,324.5166667,77.031,NA,NA,27.9,NA,NA,NA,NA,NA,3666.695374,NA,NA,16.40007591,NA,NA,NA,NA,NA,143.013,10.24133222,0,0,1,0,"Selected"
"Middle income                                       ","MIC","Valtioiden muodostama alue",79456721.01,NA,NA,NA,5710089607,71.8641486,52.30750088,18.54170127,7.203747819,28.47377305,51.24450491,17.64496,10.09226,13.85153,5.520633379,5193.1639,4.394094944,1.954251028,5.409153311,105.7975427,73.90364851,69.5866391985503,71.64736685,NA,20947563.41,52.46927296,NA,NA,NA,NA,"Not Selected"
"North Macedonia                                     ","MKD","Itsenäinen valtio",25220,"Ei","Ylempi keskitaso","Kyllä",2082958,82.59151467,57.963,10.953,9.965,8.7,43.24013941,NA,NA,NA,20.73600006,5430.87421,NA,0.897226753,6.5939827,94.53430868,77.639,73.584,75.589,NA,7051.641,29.72694451,0,0,1,0,"Selected"
"Mali                                                ","MLI","Itsenäinen valtio",1220190,"Kyllä","Matala","Kyllä",19077690,15.63501586,42.356,42.078,9.984,63.5,100.2030712,74.26484,53.81586,64.52623,7.110000134,830.5574088,3.787309885,3.027144587,4.10388279,115.0846727,59.185,57.718,58.452,1.3,3179.289,38.52660616,1,0,0,0,"Selected"
"Malta                                               ","MLT","Itsenäinen valtio",320,"Ei","Korkea","Ei",484630,1514.46875,94.612,9.2,7.6,6.2,52.96650159,4.01128,6.99003,5.49681,3.71600008,27239.0701,4.824379921,0.506519247,9.19666958,140.2039395,84.6,80.6,82.34634146,NA,1342.122,13.90954337,0,0,0,1,"Selected"
"Myanmar                                             ","MMR","Itsenäinen valtio",653080,"Kyllä","Alempi keskitaso","Ei",53708395,82.23861548,30.579,17.703,8.206,38.2,47.39629602,NA,NA,NA,1.493999958,1291.542413,2.087680101,NA,5.09039927,113.8444919,69.603,63.419,66.558,0.8,25280.298,35.55745292,0,1,0,0,"Selected"
"Middle East & North Africa (excluding high income)  ","MNA","Valtioiden muodostama alue",8641088.008,NA,NA,NA,382896715,44.31116946,61.59054752,24.11568729,5.227463925,20.44845942,58.07816132,30.58849,17.50414,24.0404,11.90052671,3793.932018,NA,3.381174989,6.750338207,99.8617863,75.33515214,71.560181502266,73.39427025,0.104935757,1475311.107,53.85776254,NA,NA,NA,NA,"Not Selected"
"Montenegro                                          ","MNE","Itsenäinen valtio",13450,"Ei","Ylempi keskitaso","Ei",622227,46.26223048,66.813,11.775,10.592,2.5,49.66590017,1.72865,0.549530000000004,1.15282000000001,15.17500019,7803.411137,NA,1.362776386,NA,180.6938097,79.105,74.205,76.667,0.1,2016.85,20.78181355,0,0,1,0,"Selected"
"Mongolia                                            ","MNG","Itsenäinen valtio",1553560,"Ei","Alempi keskitaso","Kyllä",3170208,2.040608667,68.445,24.833,6.299,15.1,52.65572144,1.35111000000001,1.81399,1.57688,6.254000187,3669.41754,4.088590145,0.765300911,4.00506115,133.1783386,73.779,65.465,69.509,0.1,25368.306,40.11284905,0,1,0,0,"Selected"
"Northern Mariana Islands                            ","MNP","Muu alue/territorio",460,NA,NA,NA,56882,123.6565217,91.618,NA,NA,NA,NA,NA,NA,NA,NA,28305.22259,NA,NA,NA,NA,NA,NA,NA,NA,NA,9.892981129,NA,NA,NA,NA,"Not Selected"
"Mozambique                                          ","MOZ","Itsenäinen valtio",786380,"Kyllä","Matala","Ei",29495962,37.50853531,35.988,37.876,8.964,57.9,90.69981608,NA,NA,NA,3.236999989,461.4150941,5.505559921,1.032253172,8.14048672,47.71577872,62.091,56.293,59.309,12.5,7942.722,21.29869546,1,0,0,0,"Selected"
"Mauritania                                          ","MRT","Itsenäinen valtio",1030700,"Kyllä","Alempi keskitaso","Ei",4403319,4.272163578,53.672,34.132,7.339,52.6,76.13166321,NA,NA,NA,9.463999748,1578.114174,NA,2.933975633,4.50495195,103.7060504,66.061,62.831,64.464,0.2,2739.249,47.42299178,0,1,0,0,"Selected"
"Mauritius                                           ","MUS","Itsenäinen valtio",2030,"Ei","Ylempi keskitaso","Ei",1265303,623.3019704,40.793,10.7,8,13.2,41.37842802,10.63362,6.64265,8.67461,6.657000065,10484.90836,5.02312994,0.170942413,5.71669579,151.3591149,77.89,71.3,74.51463415,1.2,4349.062,14.45782732,0,0,1,0,"Selected"
"Malawi                                              ","MWI","Itsenäinen valtio",94280,"Kyllä","Matala","Kyllä",18143315,192.4407616,16.937,34.593,6.811,33.5,87.082769,NA,NA,NA,5.622000217,356.7175732,4.031330109,0.764642848,9.64243031,39.00579484,66.4,60.155,63.279,9.5,1298.118,23.56592147,1,0,0,0,"Selected"
"Malaysia                                            ","MYS","Itsenäinen valtio",328550,"Ei","Ylempi keskitaso","Ei",31528585,95.96282149,76.036,16.867,5.014,7.1,44.23124385,6.49517,3.87694999999999,5.14559,3.349999905,10254.23402,4.677569866,1.115724249,3.71246052,134.5259947,78.008,73.903,75.828,0.4,248288.903,16.03580871,0,0,1,0,"Selected"
"North America                                       ","NAC","Valtioiden muodostama alue",18240984,NA,NA,NA,363809186,19.9446031,82.17304548,11.64796524,8.522843303,5.6,52.38173224,NA,NA,NA,4.107848655,58467.97381,NA,3.160081269,16.51931312,124.9993042,81.40258785,76.524030553485,78.88413429,0.4,5551808.664,7.31104225,NA,NA,NA,NA,"Not Selected"
"Namibia                                             ","NAM","Itsenäinen valtio",823290,"Ei","Ylempi keskitaso","Ei",2448255,2.973745582,50.032,29.105,8.23,31.8,68.19801605,8.56357,8.37258,8.47273,19.87700081,5303.309133,NA,3.427419248,8.28922272,112.7023597,65.823,60.02,63.021,11.9,4228.051,25.3587654,0,0,1,0,"Selected"
"New Caledonia                                       ","NCL","Muu alue/territorio",18280,NA,"Korkea",NA,284060,15.53938731,70.683,14.5,5.5,NA,46.87542011,NA,NA,NA,12.84700012,NA,NA,NA,NA,NA,79.3,75.1,77.14878049,NA,5328.151,NA,0,0,0,1,"Not Selected"
"Niger                                               ","NER","Itsenäinen valtio",1266700,"Kyllä","Matala","Kyllä",22442948,17.71765059,16.425,46.54,8.529,49.1,110.8785112,NA,NA,NA,0.470999986,516.8882472,2.581650019,2.460367773,7.66223145,NA,62.776,60.485,61.599,0.2,2016.85,94.05381768,1,0,0,0,"Selected"
"Nigeria                                             ","NGA","Itsenäinen valtio",910770,"Ei","Alempi keskitaso","Ei",195874740,215.064989,50.344,38.384,12.114,77.3,87.31508677,47.34352,28.74429,37.98399,8.243000031,1968.559588,NA,0.430671215,3.75553846,88.18424125,54.843,53.086,53.95,1.3,120369.275,71.79817438,0,1,0,0,"Selected"
"Nicaragua                                           ","NIC","Itsenäinen valtio",120340,"Ei","Alempi keskitaso","Ei",6465513,53.72704836,58.522,21.06,5.049,15.4,54.91671103,NA,NA,NA,5.199999809,2159.163079,4.357679844,0.625230581,8.31693268,115.0959067,77.546,70.551,74.068,0.2,5592.175,17.61418045,0,1,0,0,"Selected"
"Netherlands                                         ","NLD","Itsenäinen valtio",33690,"Ei","Korkea","Ei",17231624,511.4759276,91.49,9.9,8.8,3.4,54.56989978,NA,NA,NA,3.829999924,48675.22234,5.17509985,1.156803668,10.05979824,123.7312099,83.4,80,81.76097561,0.2,170779.524,12.03440807,0,0,0,1,"Selected"
"Norway                                              ","NOR","Itsenäinen valtio",365123.0078,"Ei","Korkea","Ei",5311916,14.54829163,82.248,10.7,7.7,2.1,52.90112361,NA,NA,NA,3.799999952,75496.75406,7.911980152,1.622270195,10.31589031,107.1737116,84.3,80.9,82.6097561,NA,41022.729,6.956519803,0,0,0,1,"Selected"
"Nepal                                               ","NPL","Itsenäinen valtio",143350,"Kyllä","Matala","Kyllä",28087871,195.9391071,19.74,20.196,6.404,27.4,56.59729608,40.27557,21.40866,32.09157,1.350000024,911.4442665,5.518370152,1.729167535,5.48825455,139.4463618,71.586,68.71,70.169,0.1,9105.161,99.73437372,1,0,0,0,"Selected"
"Nauru                                               ","NRU","Itsenäinen valtio",20,"Ei","Ylempi keskitaso","Ei",12704,635.2,100,NA,NA,27.2,NA,NA,NA,NA,NA,8510.868408,NA,NA,11.58332348,NA,NA,NA,NA,NA,47.671,NA,0,0,1,0,"Selected"
"New Zealand                                         ","NZL","Itsenäinen valtio",263310,"Ei","Korkea","Ei",4841000,18.38517337,86.538,12.43,6.95,4.2,54.57350366,NA,NA,NA,4.297999859,42849.42632,6.283669949,1.211808476,9.01967621,134.9319679,83.4,80,81.65853659,0.1,34381.792,5.956001129,0,0,0,1,"Selected"
"OECD members                                        ","OED","Valtioiden muodostama alue",35585983.62,NA,NA,NA,1352633507,38.01028859,80.59892832,11.54193755,8.538281609,6.254352172,53.6803982,NA,NA,NA,5.443590486,37370.04899,4.994495153,2.168701073,12.47281285,121.424345,82.69580174,77.5264344657716,80.00633468,NA,12004051.89,14.53096988,NA,NA,NA,NA,"Not Selected"
"Oman                                                ","OMN","Itsenäinen valtio",309500,"Ei","Korkea","Ei",4829483,15.6041454,84.539,19.786,2.462,9.7,32.69512874,7.30601,3.01058,4.34847000000001,2.864000082,15130.94374,NA,9.610509143,3.97352886,139.9674164,79.906,75.645,77.393,0.1,63457.435,41.11523827,0,0,0,1,"Selected"
"Other small states                                  ","OSS","Valtioiden muodostama alue",2031822.999,NA,NA,NA,30760211,15.13921784,62.11854349,23.44140939,7.394138024,37.62439382,57.59703035,18.25663,13.07443,15.47119,9.167588381,13404.40974,5.02312994,NA,4.62713549,121.9764745,69.88267951,66.7300746060308,68.22875917,9.302714973,208033.0127,34.75442835,NA,NA,NA,NA,"Not Selected"
"Pakistan                                            ","PAK","Itsenäinen valtio",770880,"Ei","Alempi keskitaso","Ei",212215030,275.2893187,36.666,28.599,6.994,58.8,65.51520208,NA,NA,NA,4.083000183,1464.993305,2.89951992,3.7696902,2.90229368,72.55706103,67.928,66.041,66.947,0.1,201149.618,58.28241877,0,1,0,0,"Selected"
"Panama                                              ","PAN","Itsenäinen valtio",74340,"Ei","Korkea","Ei",4176873,56.18607748,67.709,19.263,5.048,13.7,54.24249933,5.11828,4.03107,4.58819,3.894000053,15150.34561,NA,0,6.89914465,137.0014238,81.412,75.06,78.149,NA,10714.974,11.40005433,0,0,0,1,"Selected"
"Peru                                                ","PER","Itsenäinen valtio",1280000,"Ei","Ylempi keskitaso","Ei",31989256,24.99160625,77.907,18.134,5.438,11.1,51.23787463,8.29689,2.87863,5.59173,3.390000105,6710.508029,3.931309938,1.245957803,4.99378443,131.7778873,79.031,73.612,76.286,0.3,57414.219,24.78672805,0,0,1,0,"Selected"
"Philippines                                         ","PHL","Itsenäinen valtio",298170,"Ei","Alempi keskitaso","Ei",106651922,357.6883053,46.907,21.036,5.839,22.7,56.45928583,NA,NA,NA,2.338000059,3123.234229,NA,1.306170807,4.4460597,126.1986393,75.268,66.971,70.952,0.1,122287.116,18.06979891,0,1,0,0,"Selected"
"Palau                                               ","PLW","Itsenäinen valtio",460,"Ei","Korkea","Ei",17907,38.92826087,79.93,12.4,10.3,16.8,NA,NA,NA,NA,NA,16078.26819,NA,NA,12.12845135,NA,NA,NA,NA,NA,223.687,NA,0,0,0,1,"Selected"
"Papua New Guinea                                    ","PNG","Itsenäinen valtio",452860,"Ei","Alempi keskitaso","Ei",8606316,19.00436338,13.169,27.364,7.521,37.8,64.63940874,NA,NA,NA,2.423000097,2695.251883,1.964930058,0.403221124,2.27085471,NA,65.326,62.784,64.01,0.8,7535.685,12.29441826,0,1,0,0,"Selected"
"Poland                                              ","POL","Itsenäinen valtio",306190,"Ei","Korkea","Ei",37974750,124.0234822,60.058,10.6,10.6,3.9,48.30214691,NA,NA,NA,3.845000029,13861.30936,4.559569836,1.895427268,6.56172848,134.7484225,81.8,73.9,77.75365854,NA,299036.516,20.87782222,0,0,0,1,"Selected"
"Pre-demographic dividend                            ","PRE","Valtioiden muodostama alue",17789339.01,NA,NA,NA,919485393,51.68744002,41.22695151,37.02376607,8.830077331,56.80873303,87.30771755,45.16448,29.3825,37.35639,5.72582218,1414.800843,4.031330109,1.664681905,4.348889834,74.55554911,62.0443765,58.8197065298203,60.42746691,2.6624697,505151.0624,48.63557258,NA,NA,NA,NA,"Not Selected"
"Puerto Rico                                         ","PRI","Muu alue/territorio",8870,NA,"Korkea",NA,3193354,360.0173619,93.578,7.3,9.222,NA,55.06505892,NA,NA,NA,9.199999809,31108.75275,NA,NA,NA,109.563442,83.266,76.176,79.63453659,NA,NA,8.349033339,0,0,0,1,"Not Selected"
"Korea, Dem. Peoples Rep.                           ","PRK","Itsenäinen valtio",120410,"Ei","Matala","Ei",25549819,212.1901752,61.899,13.91,8.97,14.4,41.91771469,NA,NA,NA,2.713000059,NA,NA,NA,NA,NA,75.343,68.253,71.91,NA,28283.571,32.00745162,1,0,0,0,"Selected"
"Portugal                                            ","PRT","Itsenäinen valtio",91605.5957,"Ei","Korkea","Ei",10283822,112.2619412,65.211,8.4,10.7,3,54.82696162,4.92748,2.64637999999999,3.86241,6.993000031,21490.42986,5.015610218,1.683336736,9.33004951,115.6330424,84.6,78.1,81.42439024,NA,48741.764,8.160752248,0,0,0,1,"Selected"
"Paraguay                                            ","PRY","Itsenäinen valtio",397300,"Ei","Ylempi keskitaso","Kyllä",6956071,17.50835892,61.585,20.787,5.465,17.8,55.93499755,6.46829,5.48851999999999,5.97920000000001,4.53399992,5680.580768,NA,0.893948254,6.65456867,106.9525792,76.085,72.041,73.992,0.5,7407.34,11.90908085,0,0,1,0,"Selected"
"West Bank and Gaza                                  ","PSE","Valtioiden muodostama alue",6020,NA,"Alempi keskitaso",NA,4569087,758.9845515,76.164,29.905,3.469,17.5,72.65390334,4.25805,1.34224,2.78139,26.25600052,3254.485887,5.25233984,NA,NA,89.97575355,75.446,72.106,73.74,NA,3234.294,33.22563038,0,1,0,0,"Not Selected"
"Pacific island small states                         ","PSS","Valtioiden muodostama alue",64200,NA,NA,NA,2457367,38.27674455,38.78134412,26.38741944,6.340556355,20.79899713,66.21057877,NA,NA,NA,3.01339654,4132.18527,NA,NA,4.790163116,NA,71.70295538,67.9923742582695,69.77428378,NA,3369.973,11.2676414,NA,NA,NA,NA,"Not Selected"
"Post-demographic dividend                           ","PST","Valtioiden muodostama alue",31473668.99,NA,NA,NA,1109441474,35.24982976,81.27985334,10.07601689,9.494156723,4.202581393,54.26044859,NA,NA,NA,5.28618863,42879.59117,5.069930077,2.208931596,12.91373808,125.7599462,83.30259308,78.0276385966983,80.59844147,NA,10949758.47,11.5930863,NA,NA,NA,NA,"Not Selected"
"French Polynesia                                    ","PYF","Muu alue/territorio",3660,NA,"Korkea",NA,277679,75.86857923,61.834,14.946,5.566,NA,45.03768549,NA,NA,NA,12.31400013,NA,NA,NA,NA,109.0010408,79.539,75.171,77.251,NA,770.07,NA,0,0,0,1,"Not Selected"
"Qatar                                               ","QAT","Itsenäinen valtio",11610,"Ei","Korkea","Ei",2781677,239.5931955,99.135,9.698,1.169,6.1,17.52376309,NA,NA,NA,0.109999999,61264.39648,2.86383009,NA,2.72160077,141.8558268,81.743,78.83,79.981,NA,103259.053,91.18732793,0,0,0,1,"Selected"
"Romania                                             ","ROU","Itsenäinen valtio",230080,"Ei","Ylempi keskitaso","Ei",19472545,84.63380129,53.998,10.3,13.3,6.7,51.22474481,1.40022999999999,0.891990000000007,1.1555,4.186999798,10807.79539,3.095390081,1.723420284,5.1508317,116.0354133,79.1,71.7,75.3097561,0.1,69258.629,14.61134019,0,0,1,0,"Selected"
"Russian Federation                                  ","RUS","Itsenäinen valtio",16376870,"Ei","Ylempi keskitaso","Ei",144477860,8.822067953,74.433,11.5,12.4,5.9,48.34327788,0.265889999999999,0.274839999999998,0.269940000000005,4.846000195,10720.33259,4.689909935,4.23340737,5.34388065,157.431312,77.6,67.08,72.43195122,NA,1732026.776,16.16022381,0,0,1,0,"Selected"
"Rwanda                                              ","RWA","Itsenäinen valtio",24670,"Kyllä","Matala","Kyllä",12301939,498.6598703,17.211,32.062,5.308,28.4,75.17359744,30.60546,22.4412,26.78441,1.01699996,772.3184718,3.110830069,1.264674914,6.93017101,78.85411036,70.398,66.187,68.341,2.8,1114.768,43.21021716,1,0,0,0,"Selected"
"South Asia                                          ","SAS","Valtioiden muodostama alue",4771603.999,NA,NA,NA,1814388744,380.2471337,33.99236125,19.65370027,7.000875916,36,52.38413303,36.27065,19.68714,27.74761,5.059690961,1866.886067,3.47919488,2.504695728,3.459346623,87.36313965,70.50572324,67.9493897249746,69.1713119,NA,2736913.121,82.86952124,NA,NA,NA,NA,"Not Selected"
"Saudi Arabia                                        ","SAU","Itsenäinen valtio",2149690,"Ei","Korkea","Ei",33699947,15.67665431,83.844,18.319,3.446,6.3,39.58085503,NA,NA,NA,6.039999962,20803.74257,NA,10.22384814,7.00368643,122.5733112,76.487,73.671,74.874,NA,563449.218,87.94544668,0,0,0,1,"Selected"
"Sudan                                               ","SDN","Itsenäinen valtio",NA,"Kyllä","Alempi keskitaso","Ei",41801533,NA,34.642,32.542,7.261,43.1,78.85872805,43.93677,34.56485,39.30282,16.89999962,1111.868449,NA,3.507166087,6.30497503,72.00791416,66.705,63.09,64.881,0.2,19999.818,55.37083444,0,1,0,0,"Selected"
"Senegal                                             ","SEN","Itsenäinen valtio",192530,"Kyllä","Matala","Ei",15854360,82.34747832,47.192,35.12,5.845,34.4,85.67431189,NA,NA,NA,6.52699995,1361.699588,4.624969959,1.462299059,4.06742668,104.450641,69.324,65.242,67.38,0.4,10901.991,40.6958259,1,0,0,0,"Selected"
"Singapore                                           ","SGP","Itsenäinen valtio",709.0000153,"Ei","Korkea","Ei",5638676,7952.998418,100,8.9,5,2.1,31.1332126,4.08059,1.1491,2.65514,4.019000053,60913.74533,NA,3.149613165,4.4177866,148.821563,85.4,80.7,83.09512195,0.3,37535.412,19.0782565,0,0,0,1,"Selected"
"Solomon Islands                                     ","SLB","Itsenäinen valtio",27990,"Kyllä","Alempi keskitaso","Ei",652858,23.32468739,23.749,32.877,4.284,17.9,78.06416068,NA,NA,NA,0.617999971,2059.045424,NA,NA,4.74138927,73.83377983,74.505,70.984,72.645,NA,168.682,11.87912184,0,1,0,0,"Selected"
"Sierra Leone                                        ","SLE","Itsenäinen valtio",72180,"Kyllä","Matala","Ei",7650154,105.987171,42.055,33.939,12.003,85.9,78.65500941,65.14797,48.35312,56.79367,4.416999817,499.3807078,4.635769844,1.093816897,16.6201725,83.07224041,54.697,53.049,53.895,1.6,1092.766,21.62594668,1,0,0,0,"Selected"
"El Salvador                                         ","SLV","Itsenäinen valtio",20720,"Ei","Alempi keskitaso","Ei",6420744,309.8814672,72.023,18.429,7.011,12.2,54.84470297,12.76586,8.89766,10.9914,4.006000042,3910.257193,3.725229979,1.05178543,7.22756004,146.9221022,77.417,68.006,72.872,0.6,7168.985,24.47229229,0,1,0,0,"Selected"
"San Marino                                          ","SMR","Itsenäinen valtio",60,"Ei","Korkea","Kyllä",33785,563.0833333,97.226,6.7,8.2,1.6,NA,0.0980899999999991,0.0679200000000009,0.0835699999999946,NA,45394.20103,3.370330095,NA,7.24210215,113.9558976,NA,NA,NA,NA,NA,NA,0,0,0,1,"Selected"
"Somalia                                             ","SOM","Itsenäinen valtio",627340,"Kyllä","Matala","Ei",15008154,23.9234769,44.971,41.919,11.062,78.2,97.8235155,NA,NA,NA,11.27999973,NA,NA,NA,NA,50.99230249,58.42,55.067,56.709,0.1,645.392,32.03458423,1,0,0,0,"Selected"
"Serbia                                              ","SRB","Itsenäinen valtio",87460,"Ei","Ylempi keskitaso","Kyllä",6982604,79.8376858,56.092,9.2,14.8,5,51.59662027,NA,NA,NA,12.7329998,6284.192804,3.715090036,1.83994934,8.23131752,95.78099081,78.1,73.6,75.53902439,0.1,45221.444,24.72635819,0,0,1,0,"Selected"
"Sub-Saharan Africa (excluding high income)          ","SSA","Valtioiden muodostama alue",21239871,NA,NA,NA,1076944455,50.70390752,40.17461565,35.69968904,8.782886498,54.43075715,84.39669533,41.2033,27.45346,34.42657,6.158683561,1548.80154,3.917405009,1.200328118,5.112508452,82.29744109,62.61173511,59.1416654303711,60.86233564,3.895029142,848185.5781,44.65183058,NA,NA,NA,NA,"Not Selected"
"South Sudan                                         ","SSD","Itsenäinen valtio",NA,"Kyllä","Matala","Kyllä",10975920,NA,19.615,35.37,10.574,62.4,82.54372949,71.13574,59.73519,65.47724,12.22500038,NA,NA,2.354537758,8.37437344,33.46296855,58.891,55.88,57.365,2.5,1727.157,45.57750557,1,0,0,0,"Selected"
"Sub-Saharan Africa                                  ","SSF","Valtioiden muodostama alue",21242361,NA,NA,NA,1078306520,50.76208431,40.17682337,35.6678956,8.781854029,54.4,84.34271875,41.19899,27.45062,34.42294,6.159415136,1560.887347,4.031330109,1.192125726,5.117321667,82.40161583,62.63169087,59.1427144394588,60.88000237,3.891534346,853107.128,44.61323689,NA,NA,NA,NA,"Not Selected"
"Small states                                        ","SST","Valtioiden muodostama alue",2500872.999,NA,NA,NA,40576543,16.22495145,58.72490936,22.28544351,7.358293506,33.5489894,56.42203286,15.49283,12.26183,13.79825,8.717256818,12135.83779,5.141875029,NA,4.899505197,118.4584475,71.12207628,67.59556416495,69.27907473,7.242116754,273210.8676,30.47224611,NA,NA,NA,NA,"Not Selected"
"Sao Tome and Principe                               ","STP","Itsenäinen valtio",960,"Kyllä","Alempi keskitaso","Ei",211028,219.8208333,72.803,31.967,4.908,25,83.30336591,10.48427,3.83732000000001,7.18335999999999,13.14799976,1811.012826,5.084159851,NA,6.46091604,77.05612525,72.329,67.565,69.933,NA,121.011,28.53958436,0,1,0,0,"Selected"
"Suriname                                            ","SUR","Itsenäinen valtio",156000,"Ei","Ylempi keskitaso","Ei",575991,3.69225,66.06,18.791,7.277,17,51.69114568,7.28794000000001,3.92596,5.61673,6.993999958,5626.795816,NA,NA,6.22976971,130.604698,74.817,68.274,71.463,1.3,1738.158,24.78001054,0,0,1,0,"Selected"
"Slovak Republic                                     ","SVK","Itsenäinen valtio",48080,"Ei","Korkea","Kyllä",5446771,113.2855865,53.726,10.7,9.9,4.9,45.08604574,NA,NA,NA,6.535999775,17554.30832,3.939130068,1.101933258,6.76883841,132.801823,80.7,73.8,77.16585366,NA,32423.614,17.56291134,0,0,0,1,"Selected"
"Slovenia                                            ","SVN","Itsenäinen valtio",20141.99951,"Ei","Korkea","Ei",2073894,102.9636605,54.541,9.8,9.9,1.8,52.97226886,NA,NA,NA,5.107999802,23500.75223,4.783239841,0.982335151,8.18941784,118.6742271,84,78.2,81.02926829,NA,12632.815,16.02397998,0,0,0,1,"Selected"
"Sweden                                              ","SWE","Itsenäinen valtio",407310,"Ei","Korkea","Ei",10175214,24.98149812,87.431,11.5,9.1,2.2,60.45520697,NA,NA,NA,6.346000195,53791.50873,7.568830013,1.024075502,10.78592205,126.8307474,84.1,80.6,82.4097561,NA,43252.265,6.18466509,0,0,0,1,"Selected"
"Eswatini                                            ","SWZ","Itsenäinen valtio",17200,"Ei","Alempi keskitaso","Kyllä",1136191,66.05761628,23.799,26.773,9.843,44.8,72.79236313,11.45731,11.71242,11.58062,22.36100006,3953.088968,NA,1.886998506,6.91085625,NA,62.753,54.329,58.319,28.4,1155.105,17.16878731,0,1,0,0,"Selected"
"Sint Maarten (Dutch part)                           ","SXM","Muu alue/territorio",NA,NA,"Korkea",NA,40654,NA,100,9,4.2,NA,NA,NA,NA,NA,NA,NA,NA,NA,NA,NA,NA,NA,NA,NA,NA,NA,0,0,0,1,"Not Selected"
"Seychelles                                          ","SYC","Itsenäinen valtio",460,"Ei","Korkea","Ei",96762,210.3521739,56.691,17.2,7.8,12.7,45.41274063,3.6498,4.58824,4.13229,NA,15906.08392,NA,1.43316216,4.98940706,184.2980143,78.5,70.3,74.3,NA,605.055,20.17864936,0,0,0,1,"Selected"
"Syrian Arab Republic                                ","SYR","Itsenäinen valtio",183630,"Ei","Matala","Ei",16906283,92.06710777,54.162,24.115,5.584,18.1,56.06629965,NA,NA,NA,8.256999969,NA,NA,NA,NA,101.0895154,77.418,65.407,70.967,0.1,28829.954,43.75725947,1,0,0,0,"Selected"
"Turks and Caicos Islands                            ","TCA","Muu alue/territorio",950,NA,"Korkea",NA,37665,39.64736842,93.098,NA,NA,NA,NA,NA,NA,NA,NA,25933.60744,NA,NA,NA,NA,NA,NA,NA,NA,216.353,NA,0,0,0,1,"Not Selected"
"Chad                                                ","TCD","Itsenäinen valtio",1259200,"Kyllä","Matala","Kyllä",15477751,12.29173364,23.059,42.683,12.309,72.6,98.43954875,NA,NA,NA,1.838000059,665.9483527,2.454819918,2.238589247,4.40445328,45.12373876,55.132,52.315,53.712,1.3,1015.759,66.0292055,1,0,0,0,"Selected"
"East Asia & Pacific (IDA & IBRD countries)          ","TEA","Valtioiden muodostama alue",15793350,NA,NA,NA,2056064424,130.185453,55.55509202,14.22870984,6.917411247,13.54985122,43.00987476,5.88336,2.51474,4.18510999999999,3.869544351,7248.931131,NA,1.780255862,4.911259255,120.2390411,77.59185935,72.6591178046408,75.0333589,NA,11393101.31,42.67140529,NA,NA,NA,NA,"Not Selected"
"Europe & Central Asia (IDA & IBRD countries)        ","TEC","Valtioiden muodostama alue",22973438.01,NA,NA,NA,458970243.5,19.9783003,66.33001424,13.87623714,10.0701734,10.62388334,49.49501223,1.49939000000001,0.478589999999997,1.01815000000001,6.700274423,8538.356943,4.004815102,2.862079686,5.342442968,126.1702176,77.92198057,69.9269363506798,73.89459647,NA,3365154.562,24.09235196,NA,NA,NA,NA,"Not Selected"
"Togo                                                ","TGO","Itsenäinen valtio",54390,"Kyllä","Matala","Ei",7889094,145.0467733,41.702,33.55,8.568,48.2,79.22427189,NA,NA,NA,2.078999996,626.0915279,4.989759922,1.861681527,6.02144766,77.88610174,61.317,59.644,60.489,2.4,2999.606,35.73133561,1,0,0,0,"Selected"
"Thailand                                            ","THA","Itsenäinen valtio",510890,"Ei","Ylempi keskitaso","Ei",69428524,135.8972068,49.949,10.513,7.559,8.4,40.82103472,7.57144,4.79761000000001,6.23224,0.765999973,6592.914902,NA,1.583922137,3.83202839,180.1826119,80.468,72.977,76.683,1.1,283763.461,26.25672656,0,0,1,0,"Selected"
"Tajikistan                                          ","TJK","Itsenäinen valtio",138790,"Ei","Matala","Kyllä",9100837,65.57271417,27.134,31.364,4.961,31.3,66.12999444,NA,NA,NA,11.13300037,806.0415731,NA,NA,7.2288146,NA,72.961,68.493,70.647,0.2,5309.816,46.15218537,1,0,0,0,"Selected"
"Turkmenistan                                        ","TKM","Itsenäinen valtio",469930,"Ei","Ylempi keskitaso","Kyllä",5850908,12.45059477,51.593,24.615,7.057,36.7,54.43774644,NA,NA,NA,3.799999952,6587.090316,NA,NA,6.93379545,NA,71.449,64.504,67.956,NA,70630.087,21.76772098,0,0,1,0,"Selected"
"Latin America & the Caribbean (IDA & IBRD countries)","TLA","Valtioiden muodostama alue",19913632.03,NA,NA,NA,624668856,31.36890624,80.64402368,16.77807886,6.200090245,14.82366682,49.47107881,6.67483,5.79241,6.24504,8.053087907,9288.199577,4.535510063,1.217892726,8.139426904,105.5389814,78.40850734,72.001543442476,75.19431505,0.517515915,1777196.882,16.69618225,NA,NA,NA,NA,"Not Selected"
"Timor-Leste                                         ","TLS","Itsenäinen valtio",14870,"Kyllä","Alempi keskitaso","Ei",1267972,85.27047747,30.578,29.453,6.05,40.5,72.70305315,35.78906,28.13128,31.93317,4.479000092,1294.715534,7.060490131,0.855011484,4.33655405,115.8142833,71.092,67.053,69.007,0.2,495.045,19.25720917,0,1,0,0,"Selected"
"Middle East & North Africa (IDA & IBRD countries)   ","TMN","Valtioiden muodostama alue",8635068.008,NA,NA,NA,378327628,43.81292975,61.414543,24.04637577,5.248516823,20.49535657,57.90212915,30.87834,17.68833,24.27811,11.74984848,3799.787291,NA,3.381174989,6.750338207,99.99112341,75.33383364,71.5536050873126,73.39013107,0.104935757,1472076.813,54.10477709,NA,NA,NA,NA,"Not Selected"
"Tonga                                               ","TON","Itsenäinen valtio",720,"Ei","Ylempi keskitaso","Ei",103197,143.3291667,23.131,24.626,7.194,14.5,70.5594579,0.524969999999996,0.649019999999993,0.585629999999995,1.052000046,4217.476507,NA,NA,5.05521584,104.5941258,72.648,68.788,70.701,NA,128.345,10.78547886,0,0,1,0,"Selected"
"South Asia (IDA & IBRD)                             ","TSA","Valtioiden muodostama alue",4771603.999,NA,NA,NA,1814388744,380.2471337,33.99236125,19.65370027,7.000875916,36.05255407,52.38413303,36.27065,19.68714,27.74761,5.059690961,1866.886067,3.47919488,2.504695728,3.459346623,87.36313965,70.50572324,67.9493897249746,69.1713119,NA,2736913.121,82.86952124,NA,NA,NA,NA,"Not Selected"
"Sub-Saharan Africa (IDA & IBRD countries)           ","TSS","Valtioiden muodostama alue",21242361,NA,NA,NA,1078306520,50.76208431,40.17682337,35.6678956,8.781854029,54.41467408,84.34271875,41.19899,27.45062,34.42294,6.159415136,1560.887347,4.031330109,1.192125726,5.117321667,82.40161583,62.63169087,59.1427144394588,60.88000237,3.891534346,853107.128,44.61323689,NA,NA,NA,NA,"Not Selected"
"Trinidad and Tobago                                 ","TTO","Itsenäinen valtio",5130,"Ei","Korkea","Ei",1389858,270.9274854,53.184,13.302,8.261,16.6,45.25288079,NA,NA,NA,2.5,16238.19319,NA,0.906067075,7.02028561,141.9293402,75.955,70.616,73.245,0.8,43868.321,24.10856843,0,0,0,1,"Selected"
"Tunisia                                             ","TUN","Itsenäinen valtio",155360,"Ei","Alempi keskitaso","Ei",11565204,74.44132338,68.945,18.01,6.274,14.7,48.11698794,NA,NA,NA,15.45899963,3481.228739,NA,2.144302107,7.25768566,127.7071968,78.35,74.297,76.31,0.1,29937.388,37.65599375,0,1,0,0,"Selected"
"Turkey                                              ","TUR","Itsenäinen valtio",769630,"Ei","Ylempi keskitaso","Ei",82319724,106.9601289,75.143,16.264,5.394,9.8,49.54975598,NA,NA,NA,10.89000034,10513.64843,NA,2.065259672,4.17974997,97.30132788,80.088,74.149,77.161,NA,372724.881,44.31152568,0,0,1,0,"Selected"
"Tuvalu                                              ","TUV","Itsenäinen valtio",30,"Kyllä","Ylempi keskitaso","Ei",11508,383.6,62.387,NA,NA,21.5,NA,NA,NA,NA,NA,3572.493579,NA,NA,17.72825432,NA,NA,NA,NA,NA,11.001,NA,0,0,1,0,"Selected"
"Tanzania                                            ","TZA","Itsenäinen valtio",885800,"Kyllä","Matala","Ei",56318348,63.5790788,33.776,37.075,6.622,38.3,87.61563252,NA,NA,NA,1.99000001,1004.841121,4.430510044,1.179376959,3.63913774,77.24135223,66.346,62.581,64.479,5,11972.755,29.07664051,1,0,0,0,"Selected"
"Uganda                                              ","UGA","Itsenäinen valtio",200520,"Kyllä","Matala","Kyllä",42723139,213.0617345,23.774,38.947,6.769,36,95.58568273,29.16194,17.34399,23.4725,1.748999953,747.1969074,2.272049904,1.293593365,6.48715639,57.27260732,64.64,60.27,62.516,6.1,5680.183,50.49432132,1,0,0,0,"Selected"
"Ukraine                                             ","UKR","Itsenäinen valtio",579290,"Ei","Alempi keskitaso","Ei",44622518,77.0296708,69.352,9.4,14.5,7.6,47.59515828,NA,NA,NA,8.798999786,2640.675677,5.412260056,2.884401519,7.43332434,127.753861,76.78,67.02,71.78097561,1,202249.718,20.30977582,0,1,0,0,"Selected"
"Upper middle income                                 ","UMC","Valtioiden muodostama alue",57540176.02,NA,NA,NA,2837691842,49.31670422,65.5735403,14.61445137,7.081512403,12.3,44.74023584,6.25953,3.36254,4.81617,5.811792006,8364.770425,4.09250021,1.8874206,5.746627829,117.2689796,77.83938119,72.9423381947181,75.11849548,NA,16718513.78,37.04930065,NA,NA,NA,NA,"Not Selected"
"Uruguay                                             ","URY","Itsenäinen valtio",175020,"Ei","Korkea","Ei",3449299,19.70802765,95.334,13.963,9.461,6.8,54.85270066,0.992260000000002,1.62864,1.29613999999999,8.336000443,17322.14739,4.840300083,1.956406777,9.51635647,149.9042265,81.238,73.805,77.632,NA,6765.615,9.27488332,0,0,0,1,"Selected"
"United States                                       ","USA","Itsenäinen valtio",9147420,"Ei","Korkea","Ei",326687501,35.71362209,82.256,11.8,8.638,5.7,52.71067709,NA,NA,NA,3.895999908,59957.72585,NA,3.313385283,17.00361443,129.0140075,81.1,76.1,78.53902439,0.4,5006302.077,7.409441662,0,0,0,1,"Selected"
"Uzbekistan                                          ","UZB","Itsenäinen valtio",425400,"Ei","Alempi keskitaso","Kyllä",32956100,77.47085096,50.478,22.1,5,17.6,49.4884382,0.0141299999999944,0,0.00710999999999729,5.736000061,1826.566919,5.281340122,NA,5.07679749,71.51737128,73.508,69.25,71.388,0.2,91810.679,28.4559012,0,1,0,0,"Selected"
"St. Vincent and the Grenadines                      ","VCT","Itsenäinen valtio",390,"Ei","Ylempi keskitaso","Ei",110210,282.5897436,52.198,14.403,9.162,14.3,47.34351186,NA,NA,NA,18.87899971,7212.960181,5.73195982,NA,4.3064785,96.06572847,74.892,70.075,72.3,NA,220.02,22.20051632,0,0,1,0,"Selected"
"Venezuela, RB                                       ","VEN","Itsenäinen valtio",882050,"Ei","Ylempi keskitaso","Ei",28870195,32.73079191,88.208,18.232,6.814,21,53.68924086,NA,NA,NA,7.217000008,NA,NA,0.487844145,6.22255135,71.76613811,76.194,68.523,72.246,0.7,164175.257,17.00855357,0,0,1,0,"Selected"
"British Virgin Islands                              ","VGB","Muu alue/territorio",150,NA,"Korkea",NA,29802,198.68,47.723,NA,NA,NA,NA,NA,NA,NA,NA,NA,2.358989954,NA,NA,134.0648279,NA,NA,NA,NA,212.686,NA,0,0,0,1,"Not Selected"
"Virgin Islands (U.S.)                               ","VIR","Muu alue/territorio",350,NA,"Korkea",NA,106977,305.6485714,95.721,12.8,7.8,NA,63.93937536,NA,NA,NA,8.397999763,35938.02439,NA,NA,NA,NA,82.8,76.2,79.4195122,NA,NA,10.26531228,0,0,0,1,"Not Selected"
"Vietnam                                             ","VNM","Itsenäinen valtio",310070,"Ei","Alempi keskitaso","Ei",95540395,308.1252459,35.919,16.979,6.253,16.6,43.77660483,6.40329,3.54322000000001,4.99961999999999,1.993000031,2365.621666,NA,NA,5.92534494,147.1952734,79.366,71.124,75.241,0.3,192667.847,29.62672834,0,1,0,0,"Selected"
"Vanuatu                                             ","VUT","Itsenäinen valtio",12190,"Kyllä","Alempi keskitaso","Ei",292680,24.00984413,25.274,30.015,5.334,22.9,73.87791475,13.29391,11.69365,12.49369,4.368000031,3082.356323,4.533530235,NA,2.76094961,85.90542572,71.83,68.699,70.172,NA,146.68,11.65277703,0,1,0,0,"Selected"
"World                                               ","WLD","Valtioiden muodostama alue",127343220,NA,NA,NA,7591932907,59.61788075,55.27042604,18.63349739,7.54117434,29.8,54.35831347,17.23195,10.16181,13.69899,5.392205969,10817.48195,4.52916503,2.191384003,9.890476103,106.514794,74.6960497,70.2127584963075,72.38557532,0.7,35998.939,45.52956152,NA,NA,NA,NA,"Not Selected"
"Samoa                                               ","WSM","Itsenäinen valtio",2830,"Ei","Ylempi keskitaso","Ei",196130,69.30388693,18.243,24.689,5.296,13.7,75.81146858,0.754959999999997,1.04391,0.904229999999998,8.312000275,4258.48627,NA,NA,5.50720882,NA,75.189,71.055,73.046,NA,245.689,11.54802701,0,0,1,0,"Selected"
"Kosovo                                              ","XKX","Itsenäinen valtio",NA,"Ei","Alempi keskitaso","Kyllä",1797085,NA,NA,16.4,7,NA,NA,NA,NA,NA,NA,4045.614209,NA,0.795724206,NA,NA,74.2,69.8,71.94634146,NA,8943.813,NA,0,1,0,0,"Selected"
"Yemen, Rep.                                         ","YEM","Itsenäinen valtio",527970,"Kyllä","Matala","Ei",28498687,53.97785291,36.642,31.04,5.978,43.3,73.88631363,NA,NA,NA,13.00199986,882.3957585,NA,NA,NA,53.67893316,67.786,64.413,66.086,0.1,10608.631,50.45600689,1,0,0,0,"Selected"
"South Africa                                        ","ZAF","Itsenäinen valtio",1213090,"Ei","Ylempi keskitaso","Ei",57779622,47.63011978,66.355,20.908,9.498,28.2,52.43320121,NA,NA,NA,26.92000008,6132.479841,6.113059998,1.043302244,8.11311913,159.9306644,67.064,60.162,63.538,19.3,476643.994,25.10220499,0,0,1,0,"Selected"
"Zambia                                              ","ZMB","Itsenäinen valtio",743390,"Kyllä","Alempi keskitaso","Kyllä",17351822,23.3414789,43.521,36.699,6.633,44.1,88.80684421,16.91656,9.39882,13.25204,11.5,1534.865371,3.729650021,1.309596105,4.39748955,89.15704437,65.878,60.158,63.043,11.9,5141.134,27.43803476,0,1,0,0,"Selected"
"Zimbabwe                                            ","ZWE","Itsenäinen valtio",386850,"Ei","Matala","Kyllä",14439018,37.32459093,32.209,31.732,8.044,40.5,82.95111604,NA,NA,NA,5.086999893,1548.170056,5.818779945,1.544948051,5.84977484,89.40486891,62.22,59.105,60.812,13.5,10982.665,22.25167109,1,0,0,0,"Selected"
